issue_type,issue_detail,columns_involved,METERID,CONSUMERNAME,UNITSCONSUMED,BILLAMOUNT,BILLINGDATE,EMAIL,REGION,ISSUEFLAG
null_blank,Null values detected in column CONSUMERNAME,CONSUMERNAME,MTR3,,999999,9999999,2025-05-01,alice893@company.com,South,NO
null_blank,Null values detected in column CONSUMERNAME,CONSUMERNAME,MTR4,,-50,-200,2025-05-01,david616@gmail.com,InvalidRegion,NO
null_blank,Null values detected in column CONSUMERNAME,CONSUMERNAME,MTR6,,100,1500,2025-05-01,david430@company.com,,NO
null_blank,Null values detected in column CONSUMERNAME,CONSUMERNAME,MTR7,,100,9999999,2025-05-01,alice288@company.com,North,NO
null_blank,Null values detected in column CONSUMERNAME,CONSUMERNAME,MTR8,,999999,500,2025-05-01,david49@gmail.com,InvalidRegion,NO
null_blank,Null values detected in column CONSUMERNAME,CONSUMERNAME,MTR11,,250,500,2025-05-01,sara844@company.com,InvalidRegion,NO
null_blank,Null values detected in column CONSUMERNAME,CONSUMERNAME,MTR14,,100,9999999,2025-05-01,david782@gmail.com,North,NO
null_blank,Null values detected in column CONSUMERNAME,CONSUMERNAME,MTR17,,250,-200,2025-05-01,david489@yahoo.com,North,NO
null_blank,Null values detected in column CONSUMERNAME,CONSUMERNAME,MTR21,,100,500,2025-05-01,sara900@yahoo.com,InvalidRegion,NO
null_blank,Null values detected in column CONSUMERNAME,CONSUMERNAME,MTR30,,-50,500,2025-05-01,mike591@yahoo.com,,NO
null_blank,Null values detected in column CONSUMERNAME,CONSUMERNAME,MTR31,,999999,-200,2025-05-01,david784@yahoo.com,InvalidRegion,NO
null_blank,Null values detected in column CONSUMERNAME,CONSUMERNAME,MTR35,,250,-200,2025-05-01,sara957@yahoo.com,InvalidRegion,YES
null_blank,Null values detected in column CONSUMERNAME,CONSUMERNAME,MTR37,,-50,9999999,2025-05-01,alice782@yahoo.com,InvalidRegion,NO
null_blank,Null values detected in column CONSUMERNAME,CONSUMERNAME,MTR39,,100,9999999,2025-05-01,david253@gmail.com,,NO
null_blank,Null values detected in column CONSUMERNAME,CONSUMERNAME,MTR46,,-50,9999999,2025-05-01,sara807@gmail.com,InvalidRegion,NO
null_blank,Null values detected in column CONSUMERNAME,CONSUMERNAME,MTR47,,100,9999999,2025-05-01,sara918@gmail.com,South,NO
null_blank,Null values detected in column CONSUMERNAME,CONSUMERNAME,MTR54,,100,-200,2025-05-01,sara737@company.com,South,NO
null_blank,Null values detected in column CONSUMERNAME,CONSUMERNAME,MTR56,,250,-200,2025-05-01,mike537@yahoo.com,North,NO
null_blank,Null values detected in column CONSUMERNAME,CONSUMERNAME,MTR61,,999999,500,2025-05-01,alice958@company.com,,NO
null_blank,Null values detected in column CONSUMERNAME,CONSUMERNAME,MTR66,,999999,9999999,2025-05-01,mike447@gmail.com,North,NO
null_blank,Null values detected in column CONSUMERNAME,CONSUMERNAME,MTR68,,100,500,2025-05-01,alice464@company.com,North,NO
null_blank,Null values detected in column CONSUMERNAME,CONSUMERNAME,MTR78,,999999,9999999,2025-05-01,alice159@yahoo.com,North,NO
null_blank,Null values detected in column CONSUMERNAME,CONSUMERNAME,MTR90,,100,1500,2100-01-01,alice159@company.com,North,NO
null_blank,Null values detected in column CONSUMERNAME,CONSUMERNAME,MTR93,,250,9999999,2025-05-01,david812@gmail.com,South,NO
null_blank,Null values detected in column CONSUMERNAME,CONSUMERNAME,MTR94,,999999,-200,2025-05-01,sara697@gmail.com,South,NO
null_blank,Null values detected in column CONSUMERNAME,CONSUMERNAME,MTR95,,999999,9999999,2025-05-01,sara970@company.com,InvalidRegion,NO
null_blank,Null values detected in column CONSUMERNAME,CONSUMERNAME,MTR101,,100,1500,2025-05-01,david664@company.com,,NO
null_blank,Null values detected in column CONSUMERNAME,CONSUMERNAME,MTR105,,250,-200,2025-05-01,john705@gmail.com,North,YES
null_blank,Null values detected in column CONSUMERNAME,CONSUMERNAME,MTR108,,250,9999999,2025-05-01,mike717@yahoo.com,North,NO
null_blank,Null values detected in column CONSUMERNAME,CONSUMERNAME,MTR112,,250,9999999,2025-05-01,mike436@yahoo.com,North,NO
null_blank,Null values detected in column CONSUMERNAME,CONSUMERNAME,MTR115,,250,9999999,2025-05-01,sara423@gmail.com,North,NO
null_blank,Null values detected in column CONSUMERNAME,CONSUMERNAME,MTR116,,-50,-200,2025-05-01,sara669@company.com,,NO
null_blank,Null values detected in column CONSUMERNAME,CONSUMERNAME,MTR117,,100,1500,2025-05-01,john634@gmail.com,,NO
null_blank,Null values detected in column CONSUMERNAME,CONSUMERNAME,MTR127,,999999,9999999,2025-05-01,sara123@company.com,South,NO
null_blank,Null values detected in column CONSUMERNAME,CONSUMERNAME,MTR138,,100,9999999,2025-05-01,sara514@gmail.com,South,NO
null_blank,Null values detected in column CONSUMERNAME,CONSUMERNAME,MTR143,,250,500,2025-05-01,sara791@company.com,South,NO
null_blank,Null values detected in column CONSUMERNAME,CONSUMERNAME,MTR146,,999999,9999999,2025-05-01,david636@gmail.com,InvalidRegion,NO
null_blank,Null values detected in column CONSUMERNAME,CONSUMERNAME,MTR150,,-50,9999999,2025-05-01,emma426@company.com,InvalidRegion,NO
null_blank,Null values detected in column CONSUMERNAME,CONSUMERNAME,MTR155,,250,-200,2025-05-01,emma927@company.com,South,NO
null_blank,Null values detected in column CONSUMERNAME,CONSUMERNAME,MTR157,,250,1500,2025-05-01,emma486@yahoo.com,South,NO
null_blank,Null values detected in column CONSUMERNAME,CONSUMERNAME,MTR161,,250,9999999,2025-05-01,alice473@gmail.com,North,NO
null_blank,Null values detected in column CONSUMERNAME,CONSUMERNAME,MTR163,,250,-200,2025-05-01,john516@gmail.com,,NO
null_blank,Null values detected in column CONSUMERNAME,CONSUMERNAME,MTR166,,100,-200,2025-05-01,emma995@gmail.com,,NO
null_blank,Null values detected in column CONSUMERNAME,CONSUMERNAME,MTR169,,999999,500,2025-05-01,sara710@gmail.com,North,NO
null_blank,Null values detected in column CONSUMERNAME,CONSUMERNAME,MTR177,,999999,9999999,2025-05-01,mike960@yahoo.com,,NO
null_blank,Null values detected in column CONSUMERNAME,CONSUMERNAME,MTR180,,-50,9999999,2100-01-01,mike339@gmail.com,InvalidRegion,NO
null_blank,Null values detected in column CONSUMERNAME,CONSUMERNAME,MTR181,,-50,1500,2025-05-01,david982@gmail.com,,NO
null_blank,Null values detected in column CONSUMERNAME,CONSUMERNAME,MTR182,,-50,1500,2025-05-01,sara853@yahoo.com,,NO
null_blank,Null values detected in column CONSUMERNAME,CONSUMERNAME,MTR183,,999999,500,2025-05-01,emma235@company.com,InvalidRegion,NO
null_blank,Null values detected in column CONSUMERNAME,CONSUMERNAME,MTR184,,999999,500,2025-05-01,david49@gmail.com,South,NO
null_blank,Null values detected in column CONSUMERNAME,CONSUMERNAME,MTR186,,999999,500,2025-05-01,sara248@gmail.com,North,NO
null_blank,Null values detected in column CONSUMERNAME,CONSUMERNAME,MTR188,,100,9999999,2025-05-01,alice381@gmail.com,,NO
null_blank,Null values detected in column CONSUMERNAME,CONSUMERNAME,MTR190,,100,500,2025-05-01,emma865@company.com,InvalidRegion,NO
null_blank,Null values detected in column CONSUMERNAME,CONSUMERNAME,MTR193,,-50,500,2025-05-01,david928@gmail.com,,NO
null_blank,Null values detected in column CONSUMERNAME,CONSUMERNAME,MTR199,,100,-200,2025-05-01,john992@gmail.com,North,NO
null_blank,Null values detected in column CONSUMERNAME,CONSUMERNAME,MTR202,,100,-200,2025-05-01,david815@yahoo.com,South,NO
null_blank,Null values detected in column CONSUMERNAME,CONSUMERNAME,MTR209,,100,9999999,2025-05-01,mike981@yahoo.com,North,NO
null_blank,Null values detected in column CONSUMERNAME,CONSUMERNAME,MTR217,,100,500,2025-05-01,david879@company.com,,NO
null_blank,Null values detected in column CONSUMERNAME,CONSUMERNAME,MTR220,,999999,500,2025-05-01,@gmail.com,InvalidRegion,NO
null_blank,Null values detected in column CONSUMERNAME,CONSUMERNAME,MTR228,,999999,1500,2025-05-01,mike513@gmail.com,North,NO
null_blank,Null values detected in column CONSUMERNAME,CONSUMERNAME,MTR237,,250,9999999,2025-05-01,alice900@company.com,InvalidRegion,NO
null_blank,Null values detected in column CONSUMERNAME,CONSUMERNAME,MTR239,,100,500,2025-05-01,emma184@gmail.com,North,NO
null_blank,Null values detected in column CONSUMERNAME,CONSUMERNAME,MTR247,,250,9999999,2025-05-01,david879@gmail.com,,NO
null_blank,Null values detected in column CONSUMERNAME,CONSUMERNAME,MTR249,,100,1500,2025-05-01,mike143@company.com,InvalidRegion,NO
null_blank,Null values detected in column CONSUMERNAME,CONSUMERNAME,MTR251,,-50,9999999,2025-05-01,emma809@gmail.com,,NO
null_blank,Null values detected in column CONSUMERNAME,CONSUMERNAME,MTR252,,250,9999999,2025-05-01,david664@gmail.com,InvalidRegion,NO
null_blank,Null values detected in column CONSUMERNAME,CONSUMERNAME,MTR255,,999999,1500,2025-05-01,alice99@gmail.com,,NO
null_blank,Null values detected in column CONSUMERNAME,CONSUMERNAME,MTR261,,999999,-200,2025-05-01,john978@company.com,InvalidRegion,NO
null_blank,Null values detected in column CONSUMERNAME,CONSUMERNAME,MTR266,,250,500,2025-05-01,sara545@gmail.com,,NO
null_blank,Null values detected in column CONSUMERNAME,CONSUMERNAME,MTR269,,999999,9999999,2025-05-01,emma18@gmail.com,South,NO
null_blank,Null values detected in column CONSUMERNAME,CONSUMERNAME,MTR270,,250,1500,2025-05-01,sara318@gmail.com,North,NO
null_blank,Null values detected in column CONSUMERNAME,CONSUMERNAME,MTR274,,250,9999999,2025-05-01,mike873@yahoo.com,InvalidRegion,NO
null_blank,Null values detected in column CONSUMERNAME,CONSUMERNAME,MTR290,,999999,500,2025-05-01,sara987@gmail.com,InvalidRegion,NO
null_blank,Null values detected in column CONSUMERNAME,CONSUMERNAME,MTR291,,999999,1500,2025-05-01,mike553@company.com,South,NO
null_blank,Null values detected in column CONSUMERNAME,CONSUMERNAME,MTR298,,999999,1500,2025-05-01,alice538@company.com,,NO
null_blank,Null values detected in column CONSUMERNAME,CONSUMERNAME,MTR303,,100,-200,2025-05-01,alice756@yahoo.com,,NO
null_blank,Null values detected in column CONSUMERNAME,CONSUMERNAME,MTR308,,-50,500,2025-05-01,sara476@gmail.com,,NO
null_blank,Null values detected in column CONSUMERNAME,CONSUMERNAME,MTR315,,-50,1500,2025-05-01,sara282@company.com,InvalidRegion,YES
null_blank,Null values detected in column CONSUMERNAME,CONSUMERNAME,MTR321,,100,500,2025-05-01,emma337@company.com,InvalidRegion,NO
null_blank,Null values detected in column CONSUMERNAME,CONSUMERNAME,MTR326,,100,9999999,2025-05-01,emma333@yahoo.com,North,NO
null_blank,Null values detected in column CONSUMERNAME,CONSUMERNAME,MTR331,,250,1500,2025-05-01,sara873@company.com,,NO
null_blank,Null values detected in column CONSUMERNAME,CONSUMERNAME,MTR337,,100,-200,2025-05-01,alice303@yahoo.com,North,NO
null_blank,Null values detected in column CONSUMERNAME,CONSUMERNAME,MTR339,,100,500,2025-05-01,emma670@yahoo.com,,NO
null_blank,Null values detected in column CONSUMERNAME,CONSUMERNAME,MTR348,,999999,1500,2025-05-01,david694@yahoo.com,South,NO
null_blank,Null values detected in column CONSUMERNAME,CONSUMERNAME,MTR355,,-50,-200,2025-05-01,david750@gmail.com,InvalidRegion,NO
null_blank,Null values detected in column CONSUMERNAME,CONSUMERNAME,MTR356,,-50,1500,2025-05-01,mike482@company.com,North,NO
null_blank,Null values detected in column CONSUMERNAME,CONSUMERNAME,MTR365,,999999,500,2025-05-01,mike182@yahoo.com,North,NO
null_blank,Null values detected in column CONSUMERNAME,CONSUMERNAME,MTR370,,999999,-200,2025-05-01,alice647@yahoo.com,North,NO
null_blank,Null values detected in column CONSUMERNAME,CONSUMERNAME,MTR371,,-50,500,2025-05-01,sara503@gmail.com,InvalidRegion,NO
null_blank,Null values detected in column CONSUMERNAME,CONSUMERNAME,MTR372,,999999,500,2025-05-01,emma930@yahoo.com,South,NO
null_blank,Null values detected in column CONSUMERNAME,CONSUMERNAME,MTR381,,100,9999999,2025-05-01,mike144@gmail.com,,NO
null_blank,Null values detected in column CONSUMERNAME,CONSUMERNAME,MTR50,,250,9999999,2025-05-01,emma657@gmail.com,North,NO
null_blank,Null values detected in column CONSUMERNAME,CONSUMERNAME,MTR393,,999999,1500,2025-05-01,alice578@company.com,South,NO
null_blank,Null values detected in column CONSUMERNAME,CONSUMERNAME,MTR394,,250,9999999,2025-05-01,john347@yahoo.com,North,NO
null_blank,Null values detected in column CONSUMERNAME,CONSUMERNAME,MTR395,,100,-200,2025-05-01,david488@gmail.com,InvalidRegion,NO
null_blank,Null values detected in column CONSUMERNAME,CONSUMERNAME,MTR399,,250,-200,2025-05-01,emma664@company.com,InvalidRegion,NO
null_blank,Null values detected in column CONSUMERNAME,CONSUMERNAME,MTR405,,100,-200,2025-05-01,emma661@yahoo.com,InvalidRegion,NO
null_blank,Null values detected in column CONSUMERNAME,CONSUMERNAME,MTR407,,100,1500,2025-05-01,david311@yahoo.com,,NO
null_blank,Null values detected in column CONSUMERNAME,CONSUMERNAME,MTR410,,250,1500,2025-05-01,sara263@yahoo.com,North,NO
null_blank,Null values detected in column CONSUMERNAME,CONSUMERNAME,MTR412,,999999,500,2025-05-01,david70@gmail.com,South,NO
null_blank,Null values detected in column CONSUMERNAME,CONSUMERNAME,MTR413,,250,-200,2025-05-01,alice173@yahoo.com,,NO
null_blank,Null values detected in column CONSUMERNAME,CONSUMERNAME,MTR415,,999999,9999999,2025-05-01,emma337@gmail.com,,NO
null_blank,Null values detected in column CONSUMERNAME,CONSUMERNAME,MTR418,,100,500,2025-05-01,alice28@gmail.com,InvalidRegion,NO
null_blank,Null values detected in column CONSUMERNAME,CONSUMERNAME,MTR421,,250,1500,2025-05-01,sara474@yahoo.com,South,NO
null_blank,Null values detected in column CONSUMERNAME,CONSUMERNAME,MTR440,,999999,9999999,2025-05-01,missingdomain@,South,NO
null_blank,Null values detected in column CONSUMERNAME,CONSUMERNAME,MTR449,,999999,1500,2025-05-01,mike663@company.com,InvalidRegion,NO
null_blank,Null values detected in column CONSUMERNAME,CONSUMERNAME,MTR452,,999999,1500,2025-05-01,sara586@company.com,,NO
null_blank,Null values detected in column CONSUMERNAME,CONSUMERNAME,MTR456,,999999,9999999,2025-05-01,mike976@gmail.com,North,NO
null_blank,Null values detected in column CONSUMERNAME,CONSUMERNAME,MTR474,,999999,9999999,2025-05-01,sara799@company.com,InvalidRegion,NO
null_blank,Null values detected in column CONSUMERNAME,CONSUMERNAME,MTR475,,999999,500,2025-05-01,emma715@company.com,North,NO
null_blank,Null values detected in column CONSUMERNAME,CONSUMERNAME,MTR477,,250,1500,2025-05-01,john607@gmail.com,South,NO
null_blank,Null values detected in column CONSUMERNAME,CONSUMERNAME,MTR478,,100,-200,2025-05-01,john445@yahoo.com,South,NO
null_blank,Null values detected in column CONSUMERNAME,CONSUMERNAME,MTR479,,999999,500,2025-05-01,alice521@yahoo.com,,NO
null_blank,Null values detected in column CONSUMERNAME,CONSUMERNAME,MTR480,,999999,-200,2025-05-01,emma328@company.com,,NO
null_blank,Null values detected in column CONSUMERNAME,CONSUMERNAME,MTR481,,100,1500,2025-05-01,emma13@company.com,South,NO
null_blank,Null values detected in column CONSUMERNAME,CONSUMERNAME,MTR482,,100,500,2025-05-01,david350@gmail.com,South,NO
null_blank,Null values detected in column CONSUMERNAME,CONSUMERNAME,MTR487,,100,-200,2025-05-01,david599@company.com,North,NO
null_blank,Null values detected in column CONSUMERNAME,CONSUMERNAME,MTR496,,250,9999999,2025-05-01,alice89@company.com,South,NO
null_blank,Null values detected in column CONSUMERNAME,CONSUMERNAME,MTR498,,100,-200,2025-05-01,emma320@gmail.com,South,NO
null_blank,Null values detected in column CONSUMERNAME,CONSUMERNAME,MTR499,,250,500,2025-05-01,john767@company.com,InvalidRegion,NO
null_blank,Null values detected in column CONSUMERNAME,CONSUMERNAME,MTR502,,-50,-200,2025-05-01,john157@yahoo.com,South,NO
null_blank,Null values detected in column CONSUMERNAME,CONSUMERNAME,MTR505,,250,1500,2025-05-01,sara323@gmail.com,South,NO
null_blank,Null values detected in column CONSUMERNAME,CONSUMERNAME,MTR509,,999999,500,2025-05-01,john842@gmail.com,South,NO
null_blank,Null values detected in column CONSUMERNAME,CONSUMERNAME,MTR513,,100,-200,2025-05-01,david240@gmail.com,InvalidRegion,NO
null_blank,Null values detected in column CONSUMERNAME,CONSUMERNAME,MTR516,,-50,500,2025-05-01,sara182@company.com,,NO
null_blank,Null values detected in column CONSUMERNAME,CONSUMERNAME,MTR517,,250,-200,2025-05-01,alice290@company.com,South,NO
null_blank,Null values detected in column CONSUMERNAME,CONSUMERNAME,MTR519,,999999,1500,2025-05-01,emma575@gmail.com,North,NO
null_blank,Null values detected in column CONSUMERNAME,CONSUMERNAME,MTR522,,-50,9999999,2025-05-01,alice916@company.com,North,NO
null_blank,Null values detected in column CONSUMERNAME,CONSUMERNAME,MTR525,,-50,1500,2025-05-01,mike175@yahoo.com,,YES
null_blank,Null values detected in column CONSUMERNAME,CONSUMERNAME,MTR527,,999999,-200,2025-05-01,alice757@company.com,InvalidRegion,NO
null_blank,Null values detected in column CONSUMERNAME,CONSUMERNAME,MTR529,,100,500,2025-05-01,alice314@yahoo.com,South,NO
null_blank,Null values detected in column CONSUMERNAME,CONSUMERNAME,MTR537,,250,-200,2025-05-01,david27@gmail.com,South,NO
null_blank,Null values detected in column CONSUMERNAME,CONSUMERNAME,MTR538,,100,500,2025-05-01,david256@yahoo.com,South,NO
null_blank,Null values detected in column CONSUMERNAME,CONSUMERNAME,MTR541,,-50,-200,2025-05-01,emma274@company.com,InvalidRegion,NO
null_blank,Null values detected in column CONSUMERNAME,CONSUMERNAME,MTR542,,250,-200,2025-05-01,emma741@company.com,InvalidRegion,NO
null_blank,Null values detected in column CONSUMERNAME,CONSUMERNAME,MTR543,,999999,-200,2025-05-01,mike792@company.com,South,NO
null_blank,Null values detected in column CONSUMERNAME,CONSUMERNAME,MTR551,,100,500,2025-05-01,john607@gmail.com,,NO
null_blank,Null values detected in column CONSUMERNAME,CONSUMERNAME,MTR552,,-50,500,2025-05-01,sara394@company.com,South,NO
null_blank,Null values detected in column CONSUMERNAME,CONSUMERNAME,MTR557,,100,500,2025-05-01,david618@company.com,North,NO
null_blank,Null values detected in column CONSUMERNAME,CONSUMERNAME,MTR559,,100,1500,2025-05-01,emma439@gmail.com,North,NO
null_blank,Null values detected in column CONSUMERNAME,CONSUMERNAME,MTR562,,-50,1500,2025-05-01,alice578@company.com,,NO
null_blank,Null values detected in column CONSUMERNAME,CONSUMERNAME,MTR564,,250,-200,2025-05-01,mike992@company.com,South,NO
null_blank,Null values detected in column CONSUMERNAME,CONSUMERNAME,MTR569,,-50,9999999,2025-05-01,sara751@yahoo.com,South,NO
null_blank,Null values detected in column CONSUMERNAME,CONSUMERNAME,MTR571,,-50,500,2025-05-01,mike408@company.com,InvalidRegion,NO
null_blank,Null values detected in column CONSUMERNAME,CONSUMERNAME,MTR573,,999999,9999999,2025-05-01,john692@yahoo.com,,NO
null_blank,Null values detected in column CONSUMERNAME,CONSUMERNAME,MTR574,,250,9999999,2025-05-01,sara788@gmail.com,North,NO
null_blank,Null values detected in column CONSUMERNAME,CONSUMERNAME,MTR576,,250,9999999,2025-05-01,david546@yahoo.com,InvalidRegion,NO
null_blank,Null values detected in column CONSUMERNAME,CONSUMERNAME,MTR577,,999999,9999999,2025-05-01,sara998@yahoo.com,South,NO
null_blank,Null values detected in column CONSUMERNAME,CONSUMERNAME,MTR582,,-50,9999999,2025-05-01,sara858@gmail.com,,NO
null_blank,Null values detected in column CONSUMERNAME,CONSUMERNAME,MTR585,,250,1500,2025-05-01,mike464@company.com,InvalidRegion,NO
null_blank,Null values detected in column CONSUMERNAME,CONSUMERNAME,MTR587,,-50,1500,2025-05-01,john865@gmail.com,South,NO
null_blank,Null values detected in column CONSUMERNAME,CONSUMERNAME,MTR589,,999999,9999999,2025-05-01,david468@company.com,InvalidRegion,NO
null_blank,Null values detected in column CONSUMERNAME,CONSUMERNAME,MTR591,,100,1500,2025-05-01,mike438@yahoo.com,South,NO
null_blank,Null values detected in column CONSUMERNAME,CONSUMERNAME,MTR602,,250,-200,2025-05-01,mike893@gmail.com,North,NO
null_blank,Null values detected in column CONSUMERNAME,CONSUMERNAME,MTR604,,999999,-200,2025-05-01,mike704@yahoo.com,North,NO
null_blank,Null values detected in column CONSUMERNAME,CONSUMERNAME,MTR611,,-50,500,2025-05-01,john3@gmail.com,InvalidRegion,NO
null_blank,Null values detected in column CONSUMERNAME,CONSUMERNAME,MTR618,,100,500,2025-05-01,sara728@company.com,North,NO
null_blank,Null values detected in column CONSUMERNAME,CONSUMERNAME,MTR622,,250,9999999,2025-05-01,mike551@company.com,InvalidRegion,NO
null_blank,Null values detected in column CONSUMERNAME,CONSUMERNAME,MTR634,,250,9999999,2025-05-01,sara720@yahoo.com,North,NO
null_blank,Null values detected in column CONSUMERNAME,CONSUMERNAME,MTR640,,100,-200,2025-05-01,mike430@yahoo.com,,NO
null_blank,Null values detected in column CONSUMERNAME,CONSUMERNAME,MTR641,,-50,-200,2025-05-01,john763@company.com,InvalidRegion,NO
null_blank,Null values detected in column CONSUMERNAME,CONSUMERNAME,MTR642,,100,-200,2025-05-01,emma540@yahoo.com,South,NO
null_blank,Null values detected in column CONSUMERNAME,CONSUMERNAME,MTR647,,999999,1500,2025-05-01,mike481@gmail.com,InvalidRegion,NO
null_blank,Null values detected in column CONSUMERNAME,CONSUMERNAME,MTR50,,-50,1500,2025-05-01,emma466@gmail.com,,NO
null_blank,Null values detected in column CONSUMERNAME,CONSUMERNAME,MTR657,,100,-200,2025-05-01,sara35@company.com,North,NO
null_blank,Null values detected in column CONSUMERNAME,CONSUMERNAME,MTR667,,-50,-200,2025-05-01,alice286@company.com,InvalidRegion,NO
null_blank,Null values detected in column CONSUMERNAME,CONSUMERNAME,MTR670,,100,9999999,2025-05-01,alice583@company.com,South,NO
null_blank,Null values detected in column CONSUMERNAME,CONSUMERNAME,MTR682,,100,1500,2025-05-01,john75@yahoo.com,North,NO
null_blank,Null values detected in column CONSUMERNAME,CONSUMERNAME,MTR690,,-50,9999999,2025-05-01,emma929@yahoo.com,South,NO
null_blank,Null values detected in column CONSUMERNAME,CONSUMERNAME,MTR692,,100,9999999,2025-05-01,emma343@yahoo.com,,NO
null_blank,Null values detected in column CONSUMERNAME,CONSUMERNAME,MTR713,,100,500,2025-05-01,emma346@yahoo.com,South,NO
null_blank,Null values detected in column CONSUMERNAME,CONSUMERNAME,MTR715,,999999,500,2025-05-01,@gmail.com,South,NO
null_blank,Null values detected in column CONSUMERNAME,CONSUMERNAME,MTR723,,100,-200,2025-05-01,john483@gmail.com,,NO
null_blank,Null values detected in column CONSUMERNAME,CONSUMERNAME,MTR727,,250,9999999,2025-05-01,emma191@company.com,South,NO
null_blank,Null values detected in column CONSUMERNAME,CONSUMERNAME,MTR728,,250,500,2025-05-01,mike505@yahoo.com,South,NO
null_blank,Null values detected in column CONSUMERNAME,CONSUMERNAME,MTR735,,999999,-200,2025-05-01,john419@yahoo.com,,YES
null_blank,Null values detected in column CONSUMERNAME,CONSUMERNAME,MTR739,,999999,500,2025-05-01,alice976@gmail.com,North,NO
null_blank,Null values detected in column CONSUMERNAME,CONSUMERNAME,MTR754,,100,500,2025-05-01,sara615@company.com,South,NO
null_blank,Null values detected in column CONSUMERNAME,CONSUMERNAME,MTR755,,-50,-200,2025-05-01,john754@company.com,,NO
null_blank,Null values detected in column CONSUMERNAME,CONSUMERNAME,MTR759,,999999,9999999,2025-05-01,david892@gmail.com,North,NO
null_blank,Null values detected in column CONSUMERNAME,CONSUMERNAME,MTR762,,250,500,2025-05-01,david161@gmail.com,South,NO
null_blank,Null values detected in column CONSUMERNAME,CONSUMERNAME,MTR763,,999999,500,2025-05-01,mike686@company.com,InvalidRegion,NO
null_blank,Null values detected in column CONSUMERNAME,CONSUMERNAME,MTR764,,-50,500,2025-05-01,john562@gmail.com,InvalidRegion,NO
null_blank,Null values detected in column CONSUMERNAME,CONSUMERNAME,MTR765,,250,1500,2025-05-01,alice826@company.com,InvalidRegion,NO
null_blank,Null values detected in column CONSUMERNAME,CONSUMERNAME,MTR766,,250,9999999,2025-05-01,david950@company.com,,NO
null_blank,Null values detected in column CONSUMERNAME,CONSUMERNAME,MTR767,,250,1500,2025-05-01,alice813@company.com,South,NO
null_blank,Null values detected in column CONSUMERNAME,CONSUMERNAME,MTR770,,999999,9999999,2025-05-01,@gmail.com,,YES
null_blank,Null values detected in column CONSUMERNAME,CONSUMERNAME,MTR50,,250,500,2025-05-01,david321@company.com,,NO
null_blank,Null values detected in column CONSUMERNAME,CONSUMERNAME,MTR786,,250,-200,2025-05-01,alice745@company.com,South,NO
null_blank,Null values detected in column CONSUMERNAME,CONSUMERNAME,MTR791,,999999,500,2025-05-01,alice661@gmail.com,,NO
null_blank,Null values detected in column CONSUMERNAME,CONSUMERNAME,MTR798,,-50,9999999,2025-05-01,mike844@company.com,North,NO
null_blank,Null values detected in column CONSUMERNAME,CONSUMERNAME,MTR800,,100,500,2025-05-01,john621@company.com,InvalidRegion,NO
null_blank,Null values detected in column CONSUMERNAME,CONSUMERNAME,MTR801,,-50,9999999,2025-05-01,john412@gmail.com,,NO
null_blank,Null values detected in column CONSUMERNAME,CONSUMERNAME,MTR819,,100,1500,2025-05-01,mike80@yahoo.com,North,NO
null_blank,Null values detected in column CONSUMERNAME,CONSUMERNAME,MTR821,,-50,-200,2025-05-01,mike954@yahoo.com,,NO
null_blank,Null values detected in column CONSUMERNAME,CONSUMERNAME,MTR823,,100,9999999,2025-05-01,mike338@gmail.com,,NO
null_blank,Null values detected in column CONSUMERNAME,CONSUMERNAME,MTR825,,999999,-200,2025-05-01,invalidmail,,NO
null_blank,Null values detected in column CONSUMERNAME,CONSUMERNAME,MTR826,,250,1500,2025-05-01,david314@company.com,South,NO
null_blank,Null values detected in column CONSUMERNAME,CONSUMERNAME,MTR829,,-50,9999999,2025-05-01,david822@gmail.com,,NO
null_blank,Null values detected in column CONSUMERNAME,CONSUMERNAME,MTR830,,999999,1500,2025-05-01,david167@yahoo.com,,NO
null_blank,Null values detected in column CONSUMERNAME,CONSUMERNAME,MTR838,,-50,9999999,2025-05-01,emma166@gmail.com,South,NO
null_blank,Null values detected in column CONSUMERNAME,CONSUMERNAME,MTR839,,999999,-200,2025-05-01,emma811@company.com,North,NO
null_blank,Null values detected in column CONSUMERNAME,CONSUMERNAME,MTR841,,250,-200,2025-05-01,mike393@yahoo.com,South,NO
null_blank,Null values detected in column CONSUMERNAME,CONSUMERNAME,MTR842,,999999,1500,2025-05-01,john882@yahoo.com,InvalidRegion,NO
null_blank,Null values detected in column CONSUMERNAME,CONSUMERNAME,MTR852,,100,9999999,2025-05-01,john948@yahoo.com,,NO
null_blank,Null values detected in column CONSUMERNAME,CONSUMERNAME,MTR854,,-50,9999999,2025-05-01,john474@company.com,North,NO
null_blank,Null values detected in column CONSUMERNAME,CONSUMERNAME,MTR865,,250,-200,2025-05-01,john694@yahoo.com,South,NO
null_blank,Null values detected in column CONSUMERNAME,CONSUMERNAME,MTR877,,-50,-200,2025-05-01,sara442@company.com,South,NO
null_blank,Null values detected in column CONSUMERNAME,CONSUMERNAME,MTR878,,999999,500,2025-05-01,emma711@yahoo.com,South,NO
null_blank,Null values detected in column CONSUMERNAME,CONSUMERNAME,MTR881,,250,9999999,2025-05-01,sara921@yahoo.com,,NO
null_blank,Null values detected in column CONSUMERNAME,CONSUMERNAME,MTR882,,100,9999999,2025-05-01,john96@yahoo.com,InvalidRegion,NO
null_blank,Null values detected in column CONSUMERNAME,CONSUMERNAME,MTR883,,100,9999999,2025-05-01,david209@gmail.com,,NO
null_blank,Null values detected in column CONSUMERNAME,CONSUMERNAME,MTR890,,-50,1500,2025-05-01,alice566@company.com,South,NO
null_blank,Null values detected in column CONSUMERNAME,CONSUMERNAME,MTR891,,250,-200,2025-05-01,alice661@yahoo.com,South,NO
null_blank,Null values detected in column CONSUMERNAME,CONSUMERNAME,MTR893,,250,1500,2025-05-01,david337@gmail.com,South,NO
null_blank,Null values detected in column CONSUMERNAME,CONSUMERNAME,MTR898,,999999,1500,2025-05-01,sara491@company.com,South,NO
null_blank,Null values detected in column CONSUMERNAME,CONSUMERNAME,MTR904,,-50,9999999,2025-05-01,david941@gmail.com,North,NO
null_blank,Null values detected in column CONSUMERNAME,CONSUMERNAME,MTR907,,999999,9999999,2025-05-01,alice773@yahoo.com,,NO
null_blank,Null values detected in column CONSUMERNAME,CONSUMERNAME,MTR922,,100,-200,2025-05-01,alice584@gmail.com,South,NO
null_blank,Null values detected in column CONSUMERNAME,CONSUMERNAME,MTR923,,100,-200,2025-05-01,emma227@gmail.com,InvalidRegion,NO
null_blank,Null values detected in column CONSUMERNAME,CONSUMERNAME,MTR926,,250,9999999,2025-05-01,john61@gmail.com,InvalidRegion,NO
null_blank,Null values detected in column CONSUMERNAME,CONSUMERNAME,MTR933,,250,1500,2025-05-01,david821@yahoo.com,InvalidRegion,NO
null_blank,Null values detected in column CONSUMERNAME,CONSUMERNAME,MTR934,,250,9999999,2025-05-01,emma189@company.com,,NO
null_blank,Null values detected in column CONSUMERNAME,CONSUMERNAME,MTR939,,-50,500,2025-05-01,sara345@yahoo.com,South,NO
null_blank,Null values detected in column CONSUMERNAME,CONSUMERNAME,MTR942,,100,-200,2025-05-01,sara302@gmail.com,North,NO
null_blank,Null values detected in column CONSUMERNAME,CONSUMERNAME,MTR949,,-50,9999999,2025-05-01,alice54@gmail.com,,NO
null_blank,Null values detected in column CONSUMERNAME,CONSUMERNAME,MTR963,,100,500,2025-05-01,mike341@company.com,North,NO
null_blank,Null values detected in column CONSUMERNAME,CONSUMERNAME,MTR964,,250,-200,2025-05-01,john218@gmail.com,North,NO
null_blank,Null values detected in column CONSUMERNAME,CONSUMERNAME,MTR965,,100,500,2025-05-01,mike206@gmail.com,North,NO
null_blank,Null values detected in column CONSUMERNAME,CONSUMERNAME,MTR967,,250,9999999,2025-05-01,sara845@yahoo.com,,NO
null_blank,Null values detected in column CONSUMERNAME,CONSUMERNAME,MTR974,,999999,-200,2025-05-01,sara35@company.com,InvalidRegion,NO
null_blank,Null values detected in column CONSUMERNAME,CONSUMERNAME,MTR985,,999999,1500,2025-05-01,john897@yahoo.com,,NO
null_blank,Null values detected in column CONSUMERNAME,CONSUMERNAME,MTR991,,-50,9999999,2025-05-01,alice799@yahoo.com,,NO
null_blank,Null values detected in column CONSUMERNAME,CONSUMERNAME,MTR993,,999999,500,2025-05-01,mike772@company.com,North,NO
null_blank,Null values detected in column CONSUMERNAME,CONSUMERNAME,MTR996,,100,-200,2025-05-01,alice160@yahoo.com,South,NO
null_blank,Null values detected in column CONSUMERNAME,CONSUMERNAME,MTR1000,,100,1500,2025-05-01,sara660@yahoo.com,InvalidRegion,NO
null_blank,Null values detected in column CONSUMERNAME,CONSUMERNAME,MTR1004,,250,1500,2025-05-01,emma519@gmail.com,South,NO
null_blank,Null values detected in column CONSUMERNAME,CONSUMERNAME,MTR1008,,250,500,2025-05-01,sara364@company.com,North,NO
null_blank,Null values detected in column CONSUMERNAME,CONSUMERNAME,MTR1014,,999999,-200,2025-05-01,alice428@company.com,,NO
null_blank,Null values detected in column CONSUMERNAME,CONSUMERNAME,MTR1017,,250,500,2025-05-01,sara407@yahoo.com,North,NO
null_blank,Null values detected in column CONSUMERNAME,CONSUMERNAME,MTR1020,,250,-200,2025-05-01,mike120@company.com,South,NO
null_blank,Null values detected in column CONSUMERNAME,CONSUMERNAME,MTR1024,,100,9999999,2025-05-01,alice193@company.com,North,NO
null_blank,Null values detected in column CONSUMERNAME,CONSUMERNAME,MTR1025,,999999,9999999,2025-05-01,sara833@company.com,South,NO
null_blank,Null values detected in column CONSUMERNAME,CONSUMERNAME,MTR1033,,100,-200,2025-05-01,mike680@yahoo.com,South,NO
null_blank,Null values detected in column CONSUMERNAME,CONSUMERNAME,MTR1043,,-50,1500,2025-05-01,alice799@yahoo.com,South,NO
null_blank,Null values detected in column CONSUMERNAME,CONSUMERNAME,MTR1050,,250,500,2025-05-01,john89@company.com,,YES
null_blank,Null values detected in column CONSUMERNAME,CONSUMERNAME,MTR1052,,999999,500,2025-05-01,john400@yahoo.com,North,NO
null_blank,Null values detected in column CONSUMERNAME,CONSUMERNAME,MTR1058,,250,500,2025-05-01,sara701@yahoo.com,InvalidRegion,NO
null_blank,Null values detected in column CONSUMERNAME,CONSUMERNAME,MTR1061,,100,1500,2025-05-01,emma600@gmail.com,North,NO
null_blank,Null values detected in column CONSUMERNAME,CONSUMERNAME,MTR1064,,-50,-200,2025-05-01,mike802@gmail.com,InvalidRegion,NO
null_blank,Null values detected in column CONSUMERNAME,CONSUMERNAME,MTR1076,,999999,9999999,2025-05-01,john119@gmail.com,South,NO
null_blank,Null values detected in column CONSUMERNAME,CONSUMERNAME,MTR1077,,-50,500,2025-05-01,john564@gmail.com,North,NO
null_blank,Null values detected in column CONSUMERNAME,CONSUMERNAME,MTR1078,,250,500,2025-05-01,david346@company.com,North,NO
null_blank,Null values detected in column CONSUMERNAME,CONSUMERNAME,MTR1086,,-50,1500,2025-05-01,david358@gmail.com,South,NO
null_blank,Null values detected in column CONSUMERNAME,CONSUMERNAME,MTR1089,,999999,-200,2025-05-01,mike191@company.com,South,NO
null_blank,Null values detected in column CONSUMERNAME,CONSUMERNAME,MTR1093,,250,9999999,2025-05-01,david772@gmail.com,North,NO
null_blank,Null values detected in column CONSUMERNAME,CONSUMERNAME,MTR1094,,100,-200,2025-05-01,john309@company.com,InvalidRegion,NO
null_blank,Null values detected in column CONSUMERNAME,CONSUMERNAME,MTR1097,,-50,9999999,2025-05-01,mike589@gmail.com,South,NO
null_blank,Null values detected in column CONSUMERNAME,CONSUMERNAME,MTR1099,,250,1500,2025-05-01,mike81@gmail.com,InvalidRegion,NO
null_blank,Null values detected in column CONSUMERNAME,CONSUMERNAME,MTR1103,,250,-200,2025-05-01,john72@yahoo.com,South,NO
null_blank,Null values detected in column CONSUMERNAME,CONSUMERNAME,MTR1112,,999999,-200,2025-05-01,david361@yahoo.com,North,NO
null_blank,Null values detected in column CONSUMERNAME,CONSUMERNAME,MTR1113,,-50,-200,2025-05-01,david499@gmail.com,North,NO
null_blank,Null values detected in column CONSUMERNAME,CONSUMERNAME,MTR1116,,250,500,2025-05-01,alice750@yahoo.com,South,NO
null_blank,Null values detected in column CONSUMERNAME,CONSUMERNAME,MTR1117,,100,500,2025-05-01,john299@yahoo.com,InvalidRegion,NO
null_blank,Null values detected in column CONSUMERNAME,CONSUMERNAME,MTR1121,,100,-200,2025-05-01,david525@gmail.com,InvalidRegion,NO
null_blank,Null values detected in column CONSUMERNAME,CONSUMERNAME,MTR1122,,100,-200,2025-05-01,sara458@yahoo.com,InvalidRegion,NO
null_blank,Null values detected in column CONSUMERNAME,CONSUMERNAME,MTR1138,,100,1500,2025-05-01,emma275@yahoo.com,InvalidRegion,NO
null_blank,Null values detected in column CONSUMERNAME,CONSUMERNAME,MTR1139,,999999,-200,2025-05-01,emma732@yahoo.com,,NO
null_blank,Null values detected in column CONSUMERNAME,CONSUMERNAME,MTR1154,,250,-200,2025-05-01,emma361@yahoo.com,InvalidRegion,NO
null_blank,Null values detected in column CONSUMERNAME,CONSUMERNAME,MTR1166,,999999,-200,2025-05-01,mike792@company.com,North,NO
null_blank,Null values detected in column CONSUMERNAME,CONSUMERNAME,MTR1174,,100,9999999,2025-05-01,mike728@yahoo.com,InvalidRegion,NO
null_blank,Null values detected in column CONSUMERNAME,CONSUMERNAME,MTR1177,,100,1500,2025-05-01,alice769@gmail.com,,NO
null_blank,Null values detected in column CONSUMERNAME,CONSUMERNAME,MTR1181,,100,500,2025-05-01,alice329@company.com,North,NO
null_blank,Null values detected in column CONSUMERNAME,CONSUMERNAME,MTR1185,,999999,500,2025-05-01,emma810@yahoo.com,South,NO
null_blank,Null values detected in column CONSUMERNAME,CONSUMERNAME,MTR1186,,-50,9999999,2025-05-01,emma648@gmail.com,InvalidRegion,NO
null_blank,Null values detected in column CONSUMERNAME,CONSUMERNAME,MTR1191,,100,500,2025-05-01,alice575@company.com,North,NO
null_blank,Null values detected in column CONSUMERNAME,CONSUMERNAME,MTR1194,,250,1500,2025-05-01,david580@gmail.com,South,NO
null_blank,Null values detected in column CONSUMERNAME,CONSUMERNAME,MTR1206,,250,-200,2025-05-01,john205@company.com,InvalidRegion,NO
null_blank,Null values detected in column CONSUMERNAME,CONSUMERNAME,MTR1211,,999999,1500,2025-05-01,john38@company.com,InvalidRegion,NO
null_blank,Null values detected in column CONSUMERNAME,CONSUMERNAME,MTR1212,,999999,-200,2025-05-01,john365@yahoo.com,South,NO
null_blank,Null values detected in column CONSUMERNAME,CONSUMERNAME,MTR1219,,100,500,2025-05-01,sara546@yahoo.com,North,NO
null_blank,Null values detected in column CONSUMERNAME,CONSUMERNAME,MTR1220,,250,9999999,2025-05-01,alice368@gmail.com,South,NO
null_blank,Null values detected in column CONSUMERNAME,CONSUMERNAME,MTR1223,,-50,1500,2025-05-01,david589@gmail.com,South,NO
null_blank,Null values detected in column CONSUMERNAME,CONSUMERNAME,MTR1229,,100,1500,2025-05-01,david659@company.com,South,NO
null_blank,Null values detected in column CONSUMERNAME,CONSUMERNAME,MTR1233,,100,-200,2025-05-01,sara110@gmail.com,,NO
null_blank,Null values detected in column CONSUMERNAME,CONSUMERNAME,MTR1237,,100,500,2025-05-01,emma597@yahoo.com,North,NO
null_blank,Null values detected in column CONSUMERNAME,CONSUMERNAME,MTR1239,,250,9999999,2025-05-01,mike404@company.com,South,NO
null_blank,Null values detected in column CONSUMERNAME,CONSUMERNAME,MTR1241,,-50,500,2025-05-01,david62@yahoo.com,,NO
null_blank,Null values detected in column CONSUMERNAME,CONSUMERNAME,MTR1249,,100,9999999,2025-05-01,john279@gmail.com,South,NO
null_blank,Null values detected in column CONSUMERNAME,CONSUMERNAME,MTR1250,,100,9999999,2025-05-01,mike603@company.com,South,NO
null_blank,Null values detected in column CONSUMERNAME,CONSUMERNAME,MTR1258,,-50,500,2025-05-01,david299@yahoo.com,InvalidRegion,NO
null_blank,Null values detected in column CONSUMERNAME,CONSUMERNAME,MTR1263,,-50,-200,2025-05-01,john468@gmail.com,South,NO
null_blank,Null values detected in column CONSUMERNAME,CONSUMERNAME,MTR1264,,250,-200,2025-05-01,sara987@yahoo.com,,NO
null_blank,Null values detected in column CONSUMERNAME,CONSUMERNAME,MTR1265,,250,9999999,2025-05-01,missingdomain@,,NO
null_blank,Null values detected in column CONSUMERNAME,CONSUMERNAME,MTR1267,,250,-200,2025-05-01,john214@company.com,InvalidRegion,NO
null_blank,Null values detected in column CONSUMERNAME,CONSUMERNAME,MTR1269,,999999,1500,2025-05-01,alice590@yahoo.com,North,NO
null_blank,Null values detected in column CONSUMERNAME,CONSUMERNAME,MTR1272,,250,500,2025-05-01,alice914@company.com,North,NO
null_blank,Null values detected in column CONSUMERNAME,CONSUMERNAME,MTR1275,,-50,9999999,2025-05-01,david255@yahoo.com,South,NO
null_blank,Null values detected in column CONSUMERNAME,CONSUMERNAME,MTR1287,,250,9999999,2025-05-01,mike41@company.com,InvalidRegion,NO
null_blank,Null values detected in column CONSUMERNAME,CONSUMERNAME,MTR1288,,999999,500,2025-05-01,david886@company.com,,NO
null_blank,Null values detected in column CONSUMERNAME,CONSUMERNAME,MTR1292,,999999,9999999,2025-05-01,emma124@company.com,InvalidRegion,NO
null_blank,Null values detected in column CONSUMERNAME,CONSUMERNAME,MTR1296,,-50,-200,2025-05-01,john837@gmail.com,InvalidRegion,NO
null_blank,Null values detected in column CONSUMERNAME,CONSUMERNAME,MTR1297,,250,500,2025-05-01,john229@gmail.com,,NO
null_blank,Null values detected in column CONSUMERNAME,CONSUMERNAME,MTR50,,250,9999999,2025-05-01,john827@company.com,InvalidRegion,NO
null_blank,Null values detected in column CONSUMERNAME,CONSUMERNAME,MTR1305,,250,500,2025-05-01,mike745@yahoo.com,,NO
null_blank,Null values detected in column CONSUMERNAME,CONSUMERNAME,MTR1310,,100,500,2025-05-01,david977@gmail.com,South,NO
null_blank,Null values detected in column CONSUMERNAME,CONSUMERNAME,MTR1317,,100,1500,2025-05-01,alice654@company.com,,NO
null_blank,Null values detected in column CONSUMERNAME,CONSUMERNAME,MTR1319,,999999,9999999,2025-05-01,sara879@yahoo.com,,NO
null_blank,Null values detected in column CONSUMERNAME,CONSUMERNAME,MTR1324,,250,-200,2025-05-01,john250@gmail.com,,NO
null_blank,Null values detected in column CONSUMERNAME,CONSUMERNAME,MTR1329,,100,500,2025-05-01,sara541@gmail.com,InvalidRegion,NO
null_blank,Null values detected in column CONSUMERNAME,CONSUMERNAME,MTR1333,,100,9999999,2025-05-01,david987@gmail.com,South,NO
null_blank,Null values detected in column CONSUMERNAME,CONSUMERNAME,MTR1337,,100,9999999,2025-05-01,john438@gmail.com,South,NO
null_blank,Null values detected in column CONSUMERNAME,CONSUMERNAME,MTR1343,,100,1500,2025-05-01,alice558@yahoo.com,InvalidRegion,NO
null_blank,Null values detected in column CONSUMERNAME,CONSUMERNAME,MTR1344,,250,1500,2025-05-01,david24@gmail.com,North,NO
null_blank,Null values detected in column CONSUMERNAME,CONSUMERNAME,MTR1346,,-50,1500,2025-05-01,david618@company.com,North,NO
null_blank,Null values detected in column CONSUMERNAME,CONSUMERNAME,MTR1351,,100,1500,2025-05-01,alice548@yahoo.com,North,NO
null_blank,Null values detected in column CONSUMERNAME,CONSUMERNAME,MTR1352,,999999,9999999,2025-05-01,sara985@company.com,North,NO
null_blank,Null values detected in column CONSUMERNAME,CONSUMERNAME,MTR1354,,250,9999999,2025-05-01,sara177@gmail.com,,NO
null_blank,Null values detected in column CONSUMERNAME,CONSUMERNAME,MTR1361,,-50,-200,2025-05-01,david132@yahoo.com,InvalidRegion,NO
null_blank,Null values detected in column CONSUMERNAME,CONSUMERNAME,MTR1367,,-50,-200,2025-05-01,sara386@gmail.com,,NO
null_blank,Null values detected in column CONSUMERNAME,CONSUMERNAME,MTR1369,,-50,9999999,2025-05-01,mike479@yahoo.com,,NO
null_blank,Null values detected in column CONSUMERNAME,CONSUMERNAME,MTR1373,,250,500,2025-05-01,david244@company.com,South,NO
null_blank,Null values detected in column CONSUMERNAME,CONSUMERNAME,MTR1375,,-50,-200,2025-05-01,invalidmail,South,NO
null_blank,Null values detected in column CONSUMERNAME,CONSUMERNAME,MTR1382,,100,9999999,2025-05-01,mike680@gmail.com,South,NO
null_blank,Null values detected in column CONSUMERNAME,CONSUMERNAME,MTR1384,,999999,-200,2025-05-01,alice378@gmail.com,InvalidRegion,NO
null_blank,Null values detected in column CONSUMERNAME,CONSUMERNAME,MTR1385,,250,500,2025-05-01,john481@company.com,North,NO
null_blank,Null values detected in column CONSUMERNAME,CONSUMERNAME,MTR1387,,-50,500,2025-05-01,john804@gmail.com,North,NO
null_blank,Null values detected in column CONSUMERNAME,CONSUMERNAME,MTR1389,,999999,9999999,2025-05-01,mike95@gmail.com,South,NO
null_blank,Null values detected in column CONSUMERNAME,CONSUMERNAME,MTR1411,,-50,500,2025-05-01,emma973@gmail.com,North,NO
null_blank,Null values detected in column CONSUMERNAME,CONSUMERNAME,MTR1413,,250,-200,2025-05-01,john978@gmail.com,South,NO
null_blank,Null values detected in column CONSUMERNAME,CONSUMERNAME,MTR1414,,250,-200,2025-05-01,emma463@company.com,South,NO
null_blank,Null values detected in column CONSUMERNAME,CONSUMERNAME,MTR1415,,100,1500,2025-05-01,david497@company.com,,NO
null_blank,Null values detected in column CONSUMERNAME,CONSUMERNAME,MTR1423,,999999,1500,2025-05-01,david198@yahoo.com,InvalidRegion,NO
null_blank,Null values detected in column CONSUMERNAME,CONSUMERNAME,MTR1428,,250,500,2025-05-01,john206@yahoo.com,South,NO
null_blank,Null values detected in column CONSUMERNAME,CONSUMERNAME,MTR1431,,-50,9999999,2025-05-01,john866@company.com,South,NO
null_blank,Null values detected in column CONSUMERNAME,CONSUMERNAME,MTR1433,,-50,-200,2025-05-01,john111@yahoo.com,South,NO
null_blank,Null values detected in column CONSUMERNAME,CONSUMERNAME,MTR1440,,100,9999999,2025-05-01,david367@company.com,South,NO
null_blank,Null values detected in column CONSUMERNAME,CONSUMERNAME,MTR1446,,250,9999999,2025-05-01,emma996@company.com,North,NO
null_blank,Null values detected in column CONSUMERNAME,CONSUMERNAME,MTR1448,,-50,1500,2025-05-01,david238@gmail.com,,NO
null_blank,Null values detected in column CONSUMERNAME,CONSUMERNAME,MTR1449,,999999,-200,2025-05-01,sara166@gmail.com,North,NO
null_blank,Null values detected in column CONSUMERNAME,CONSUMERNAME,MTR1450,,100,-200,2025-05-01,david323@yahoo.com,InvalidRegion,NO
null_blank,Null values detected in column CONSUMERNAME,CONSUMERNAME,MTR1451,,-50,500,2025-05-01,david587@company.com,South,NO
null_blank,Null values detected in column CONSUMERNAME,CONSUMERNAME,MTR1454,,250,500,2025-05-01,john119@yahoo.com,,NO
null_blank,Null values detected in column CONSUMERNAME,CONSUMERNAME,MTR1464,,250,500,2025-05-01,emma770@company.com,North,NO
null_blank,Null values detected in column CONSUMERNAME,CONSUMERNAME,MTR1472,,-50,9999999,2025-05-01,emma755@gmail.com,North,NO
null_blank,Null values detected in column CONSUMERNAME,CONSUMERNAME,MTR1473,,100,500,2025-05-01,alice550@gmail.com,,NO
null_blank,Null values detected in column CONSUMERNAME,CONSUMERNAME,MTR1474,,999999,1500,2025-05-01,emma39@gmail.com,North,NO
null_blank,Null values detected in column CONSUMERNAME,CONSUMERNAME,MTR1475,,-50,1500,2025-05-01,mike233@gmail.com,North,NO
null_blank,Null values detected in column CONSUMERNAME,CONSUMERNAME,MTR1477,,250,1500,2025-05-01,sara525@company.com,South,NO
null_blank,Null values detected in column CONSUMERNAME,CONSUMERNAME,MTR1481,,100,9999999,2025-05-01,alice814@company.com,South,NO
null_blank,Null values detected in column CONSUMERNAME,CONSUMERNAME,MTR1483,,-50,500,2025-05-01,sara699@gmail.com,,NO
null_blank,Null values detected in column CONSUMERNAME,CONSUMERNAME,MTR1486,,100,500,2025-05-01,mike161@gmail.com,InvalidRegion,NO
null_blank,Null values detected in column CONSUMERNAME,CONSUMERNAME,MTR1489,,-50,9999999,2025-05-01,mike307@yahoo.com,South,NO
null_blank,Null values detected in column CONSUMERNAME,CONSUMERNAME,MTR1491,,250,1500,2025-05-01,emma263@company.com,South,NO
null_blank,Null values detected in column CONSUMERNAME,CONSUMERNAME,MTR1498,,250,9999999,2025-05-01,john238@company.com,,NO
null_blank,Null values detected in column CONSUMERNAME,CONSUMERNAME,MTR1500,,250,1500,2025-05-01,alice584@company.com,,NO
null_blank,Null values detected in column REGION,REGION,MTR5,Priya,999999,500,2025-05-01,john680@yahoo.com,,NO
null_blank,Null values detected in column REGION,REGION,MTR6,,100,1500,2025-05-01,david430@company.com,,NO
null_blank,Null values detected in column REGION,REGION,MTR23,Ravi,100,9999999,2025-05-01,alice247@yahoo.com,,NO
null_blank,Null values detected in column REGION,REGION,MTR30,,-50,500,2025-05-01,mike591@yahoo.com,,NO
null_blank,Null values detected in column REGION,REGION,MTR34,Ravi,999999,1500,2025-05-01,john671@yahoo.com,,NO
null_blank,Null values detected in column REGION,REGION,MTR39,,100,9999999,2025-05-01,david253@gmail.com,,NO
null_blank,Null values detected in column REGION,REGION,MTR40,Ravi,-50,9999999,2025-05-01,alice352@gmail.com,,NO
null_blank,Null values detected in column REGION,REGION,MTR43,Neha,100,1500,2025-05-01,david664@yahoo.com,,NO
null_blank,Null values detected in column REGION,REGION,MTR44,Neha,-50,1500,2025-05-01,mike266@gmail.com,,NO
null_blank,Null values detected in column REGION,REGION,MTR51,Ravi,250,1500,2025-05-01,mike15@yahoo.com,,NO
null_blank,Null values detected in column REGION,REGION,MTR53,Neha,100,-200,2025-05-01,emma432@gmail.com,,NO
null_blank,Null values detected in column REGION,REGION,MTR57,Neha,999999,-200,2025-05-01,alice717@gmail.com,,NO
null_blank,Null values detected in column REGION,REGION,MTR61,,999999,500,2025-05-01,alice958@company.com,,NO
null_blank,Null values detected in column REGION,REGION,MTR70,Priya,-50,1500,2025-05-01,mike760@gmail.com,,YES
null_blank,Null values detected in column REGION,REGION,MTR71,Priya,250,-200,2025-05-01,mike399@gmail.com,,NO
null_blank,Null values detected in column REGION,REGION,MTR72,Neha,250,500,2025-05-01,john913@gmail.com,,NO
null_blank,Null values detected in column REGION,REGION,MTR88,Priya,250,-200,2025-05-01,john609@yahoo.com,,NO
null_blank,Null values detected in column REGION,REGION,MTR96,Ravi,250,1500,2025-05-01,john464@yahoo.com,,NO
null_blank,Null values detected in column REGION,REGION,MTR99,Priya,-50,9999999,2025-05-01,mike165@gmail.com,,NO
null_blank,Null values detected in column REGION,REGION,MTR100,Priya,100,1500,2025-05-01,alice870@company.com,,NO
null_blank,Null values detected in column REGION,REGION,MTR101,,100,1500,2025-05-01,david664@company.com,,NO
null_blank,Null values detected in column REGION,REGION,MTR102,Ravi,250,500,2025-05-01,john778@yahoo.com,,NO
null_blank,Null values detected in column REGION,REGION,MTR103,Neha,250,500,2025-05-01,emma825@company.com,,NO
null_blank,Null values detected in column REGION,REGION,MTR106,Priya,100,-200,2025-05-01,mike403@gmail.com,,NO
null_blank,Null values detected in column REGION,REGION,MTR107,Neha,999999,-200,2025-05-01,alice550@gmail.com,,NO
null_blank,Null values detected in column REGION,REGION,MTR110,Ravi,100,1500,2025-05-01,@gmail.com,,NO
null_blank,Null values detected in column REGION,REGION,MTR116,,-50,-200,2025-05-01,sara669@company.com,,NO
null_blank,Null values detected in column REGION,REGION,MTR117,,100,1500,2025-05-01,john634@gmail.com,,NO
null_blank,Null values detected in column REGION,REGION,MTR120,Neha,250,-200,2025-05-01,emma55@company.com,,NO
null_blank,Null values detected in column REGION,REGION,MTR122,Neha,-50,1500,2025-05-01,john367@gmail.com,,NO
null_blank,Null values detected in column REGION,REGION,MTR124,Ravi,100,-200,2025-05-01,john611@gmail.com,,NO
null_blank,Null values detected in column REGION,REGION,MTR50,Neha,-50,-200,2025-05-01,alice246@yahoo.com,,NO
null_blank,Null values detected in column REGION,REGION,MTR131,Ravi,999999,-200,2025-05-01,alice190@company.com,,NO
null_blank,Null values detected in column REGION,REGION,MTR132,Neha,999999,1500,2025-05-01,mike860@gmail.com,,NO
null_blank,Null values detected in column REGION,REGION,MTR133,Neha,999999,1500,2025-05-01,mike53@company.com,,NO
null_blank,Null values detected in column REGION,REGION,MTR135,Ravi,250,9999999,2025-05-01,alice850@gmail.com,,NO
null_blank,Null values detected in column REGION,REGION,MTR136,Priya,100,9999999,2025-05-01,john444@yahoo.com,,NO
null_blank,Null values detected in column REGION,REGION,MTR137,Neha,-50,500,2025-05-01,david521@gmail.com,,NO
null_blank,Null values detected in column REGION,REGION,MTR141,Priya,999999,9999999,2025-05-01,john947@yahoo.com,,NO
null_blank,Null values detected in column REGION,REGION,MTR147,Neha,100,500,2025-05-01,david748@gmail.com,,NO
null_blank,Null values detected in column REGION,REGION,MTR148,Ravi,-50,1500,2025-05-01,emma187@gmail.com,,NO
null_blank,Null values detected in column REGION,REGION,MTR149,Neha,-50,-200,2025-05-01,mike377@company.com,,NO
null_blank,Null values detected in column REGION,REGION,MTR152,Neha,100,1500,2025-05-01,mike270@gmail.com,,NO
null_blank,Null values detected in column REGION,REGION,MTR160,Priya,250,1500,2025-05-01,david902@gmail.com,,NO
null_blank,Null values detected in column REGION,REGION,MTR163,,250,-200,2025-05-01,john516@gmail.com,,NO
null_blank,Null values detected in column REGION,REGION,MTR164,Ravi,-50,1500,2025-05-01,sara813@company.com,,NO
null_blank,Null values detected in column REGION,REGION,MTR166,,100,-200,2025-05-01,emma995@gmail.com,,NO
null_blank,Null values detected in column REGION,REGION,MTR173,Ravi,999999,9999999,2025-05-01,david29@company.com,,NO
null_blank,Null values detected in column REGION,REGION,MTR174,Priya,999999,-200,2025-05-01,mike654@yahoo.com,,NO
null_blank,Null values detected in column REGION,REGION,MTR176,Priya,100,500,2025-05-01,mike638@company.com,,NO
null_blank,Null values detected in column REGION,REGION,MTR177,,999999,9999999,2025-05-01,mike960@yahoo.com,,NO
null_blank,Null values detected in column REGION,REGION,MTR181,,-50,1500,2025-05-01,david982@gmail.com,,NO
null_blank,Null values detected in column REGION,REGION,MTR182,,-50,1500,2025-05-01,sara853@yahoo.com,,NO
null_blank,Null values detected in column REGION,REGION,MTR188,,100,9999999,2025-05-01,alice381@gmail.com,,NO
null_blank,Null values detected in column REGION,REGION,MTR191,Priya,999999,1500,2025-05-01,emma279@gmail.com,,NO
null_blank,Null values detected in column REGION,REGION,MTR193,,-50,500,2025-05-01,david928@gmail.com,,NO
null_blank,Null values detected in column REGION,REGION,MTR194,Ravi,-50,-200,2025-05-01,david398@company.com,,NO
null_blank,Null values detected in column REGION,REGION,MTR195,Ravi,100,1500,2025-05-01,david549@company.com,,NO
null_blank,Null values detected in column REGION,REGION,MTR197,Priya,100,1500,2025-05-01,alice586@gmail.com,,NO
null_blank,Null values detected in column REGION,REGION,MTR207,Priya,999999,-200,2025-05-01,mike978@company.com,,NO
null_blank,Null values detected in column REGION,REGION,MTR210,Priya,100,1500,2025-05-01,emma153@company.com,,YES
null_blank,Null values detected in column REGION,REGION,MTR215,Neha,999999,1500,2025-05-01,john483@company.com,,NO
null_blank,Null values detected in column REGION,REGION,MTR217,,100,500,2025-05-01,david879@company.com,,NO
null_blank,Null values detected in column REGION,REGION,MTR229,Neha,100,-200,2025-05-01,john330@gmail.com,,NO
null_blank,Null values detected in column REGION,REGION,MTR231,Priya,250,9999999,2025-05-01,john547@gmail.com,,NO
null_blank,Null values detected in column REGION,REGION,MTR234,Priya,250,9999999,2025-05-01,mike221@gmail.com,,NO
null_blank,Null values detected in column REGION,REGION,MTR235,Priya,250,1500,2025-05-01,alice183@company.com,,NO
null_blank,Null values detected in column REGION,REGION,MTR236,Priya,999999,-200,2025-05-01,mike741@company.com,,NO
null_blank,Null values detected in column REGION,REGION,MTR242,Neha,-50,1500,2025-05-01,sara234@gmail.com,,NO
null_blank,Null values detected in column REGION,REGION,MTR246,Priya,-50,500,2025-05-01,david789@gmail.com,,NO
null_blank,Null values detected in column REGION,REGION,MTR247,,250,9999999,2025-05-01,david879@gmail.com,,NO
null_blank,Null values detected in column REGION,REGION,MTR248,Priya,999999,1500,2025-05-01,david944@yahoo.com,,NO
null_blank,Null values detected in column REGION,REGION,MTR251,,-50,9999999,2025-05-01,emma809@gmail.com,,NO
null_blank,Null values detected in column REGION,REGION,MTR253,Ravi,250,9999999,2025-05-01,david488@yahoo.com,,NO
null_blank,Null values detected in column REGION,REGION,MTR255,,999999,1500,2025-05-01,alice99@gmail.com,,NO
null_blank,Null values detected in column REGION,REGION,MTR257,Priya,250,-200,2025-05-01,david494@company.com,,NO
null_blank,Null values detected in column REGION,REGION,MTR50,Priya,-50,500,2025-05-01,emma729@company.com,,NO
null_blank,Null values detected in column REGION,REGION,MTR264,Neha,-50,1500,2025-05-01,mike529@gmail.com,,NO
null_blank,Null values detected in column REGION,REGION,MTR266,,250,500,2025-05-01,sara545@gmail.com,,NO
null_blank,Null values detected in column REGION,REGION,MTR275,Neha,-50,9999999,2025-05-01,invalidmail,,NO
null_blank,Null values detected in column REGION,REGION,MTR277,Neha,100,500,2025-05-01,mike360@yahoo.com,,NO
null_blank,Null values detected in column REGION,REGION,MTR278,Priya,100,1500,2025-05-01,david697@gmail.com,,NO
null_blank,Null values detected in column REGION,REGION,MTR288,Ravi,-50,1500,2025-05-01,mike866@company.com,,NO
null_blank,Null values detected in column REGION,REGION,MTR295,Priya,-50,500,2025-05-01,mike242@company.com,,NO
null_blank,Null values detected in column REGION,REGION,MTR296,Ravi,999999,-200,2025-05-01,sara676@yahoo.com,,NO
null_blank,Null values detected in column REGION,REGION,MTR298,,999999,1500,2025-05-01,alice538@company.com,,NO
null_blank,Null values detected in column REGION,REGION,MTR299,Neha,999999,-200,2025-05-01,alice967@yahoo.com,,NO
null_blank,Null values detected in column REGION,REGION,MTR300,Priya,100,9999999,2025-05-01,mike89@company.com,,NO
null_blank,Null values detected in column REGION,REGION,MTR303,,100,-200,2025-05-01,alice756@yahoo.com,,NO
null_blank,Null values detected in column REGION,REGION,MTR304,Ravi,100,9999999,2025-05-01,david38@yahoo.com,,NO
null_blank,Null values detected in column REGION,REGION,MTR307,Priya,100,1500,2025-05-01,sara591@company.com,,NO
null_blank,Null values detected in column REGION,REGION,MTR308,,-50,500,2025-05-01,sara476@gmail.com,,NO
null_blank,Null values detected in column REGION,REGION,MTR310,Ravi,999999,500,2025-05-01,john656@yahoo.com,,NO
null_blank,Null values detected in column REGION,REGION,MTR314,Ravi,250,9999999,2025-05-01,mike987@yahoo.com,,NO
null_blank,Null values detected in column REGION,REGION,MTR322,Ravi,-50,500,2025-05-01,sara389@yahoo.com,,NO
null_blank,Null values detected in column REGION,REGION,MTR323,Ravi,250,-200,2025-05-01,alice488@company.com,,NO
null_blank,Null values detected in column REGION,REGION,MTR324,Neha,999999,1500,2025-05-01,emma456@yahoo.com,,NO
null_blank,Null values detected in column REGION,REGION,MTR327,Neha,250,500,2025-05-01,alice352@company.com,,NO
null_blank,Null values detected in column REGION,REGION,MTR328,Priya,999999,1500,2025-05-01,john767@company.com,,NO
null_blank,Null values detected in column REGION,REGION,MTR331,,250,1500,2025-05-01,sara873@company.com,,NO
null_blank,Null values detected in column REGION,REGION,MTR333,Neha,-50,-200,2025-05-01,sara751@company.com,,NO
null_blank,Null values detected in column REGION,REGION,MTR335,Ravi,100,-200,2025-05-01,david226@company.com,,NO
null_blank,Null values detected in column REGION,REGION,MTR339,,100,500,2025-05-01,emma670@yahoo.com,,NO
null_blank,Null values detected in column REGION,REGION,MTR341,Priya,250,-200,2025-05-01,emma482@gmail.com,,NO
null_blank,Null values detected in column REGION,REGION,MTR344,Neha,-50,1500,2025-05-01,david305@yahoo.com,,NO
null_blank,Null values detected in column REGION,REGION,MTR347,Neha,250,500,2025-05-01,mike435@company.com,,NO
null_blank,Null values detected in column REGION,REGION,MTR350,Neha,100,500,2025-05-01,mike475@company.com,,YES
null_blank,Null values detected in column REGION,REGION,MTR353,Priya,250,9999999,2025-05-01,mike686@company.com,,NO
null_blank,Null values detected in column REGION,REGION,MTR358,Neha,100,1500,2025-05-01,emma35@company.com,,NO
null_blank,Null values detected in column REGION,REGION,MTR359,Neha,999999,9999999,2025-05-01,mike819@gmail.com,,NO
null_blank,Null values detected in column REGION,REGION,MTR366,Neha,-50,9999999,2025-05-01,john66@company.com,,NO
null_blank,Null values detected in column REGION,REGION,MTR375,Ravi,-50,1500,2025-05-01,alice541@gmail.com,,NO
null_blank,Null values detected in column REGION,REGION,MTR379,Priya,100,-200,2025-05-01,emma887@company.com,,NO
null_blank,Null values detected in column REGION,REGION,MTR381,,100,9999999,2025-05-01,mike144@gmail.com,,NO
null_blank,Null values detected in column REGION,REGION,MTR387,Neha,100,1500,2025-05-01,emma332@company.com,,NO
null_blank,Null values detected in column REGION,REGION,MTR396,Ravi,250,-200,2025-05-01,emma265@yahoo.com,,NO
null_blank,Null values detected in column REGION,REGION,MTR400,Priya,-50,1500,2025-05-01,david482@yahoo.com,,NO
null_blank,Null values detected in column REGION,REGION,MTR402,Ravi,-50,1500,2025-05-01,david48@gmail.com,,NO
null_blank,Null values detected in column REGION,REGION,MTR403,Neha,250,1500,2025-05-01,mike313@gmail.com,,NO
null_blank,Null values detected in column REGION,REGION,MTR407,,100,1500,2025-05-01,david311@yahoo.com,,NO
null_blank,Null values detected in column REGION,REGION,MTR409,Neha,-50,1500,2025-05-01,david728@gmail.com,,NO
null_blank,Null values detected in column REGION,REGION,MTR413,,250,-200,2025-05-01,alice173@yahoo.com,,NO
null_blank,Null values detected in column REGION,REGION,MTR414,Priya,250,9999999,2025-05-01,emma78@yahoo.com,,NO
null_blank,Null values detected in column REGION,REGION,MTR415,,999999,9999999,2025-05-01,emma337@gmail.com,,NO
null_blank,Null values detected in column REGION,REGION,MTR427,Neha,100,500,2025-05-01,john801@company.com,,NO
null_blank,Null values detected in column REGION,REGION,MTR431,Ravi,100,-200,2025-05-01,david593@gmail.com,,NO
null_blank,Null values detected in column REGION,REGION,MTR437,Ravi,250,1500,2025-05-01,john455@company.com,,NO
null_blank,Null values detected in column REGION,REGION,MTR442,Priya,999999,500,2025-05-01,emma200@yahoo.com,,NO
null_blank,Null values detected in column REGION,REGION,MTR445,Neha,100,-200,2025-05-01,mike533@gmail.com,,NO
null_blank,Null values detected in column REGION,REGION,MTR450,Priya,250,9999999,2100-01-01,mike426@company.com,,NO
null_blank,Null values detected in column REGION,REGION,MTR452,,999999,1500,2025-05-01,sara586@company.com,,NO
null_blank,Null values detected in column REGION,REGION,MTR457,Ravi,-50,1500,2025-05-01,david488@gmail.com,,NO
null_blank,Null values detected in column REGION,REGION,MTR461,Priya,100,1500,2025-05-01,mike911@company.com,,NO
null_blank,Null values detected in column REGION,REGION,MTR469,Neha,-50,1500,2025-05-01,john548@gmail.com,,NO
null_blank,Null values detected in column REGION,REGION,MTR472,Neha,-50,500,2025-05-01,david505@gmail.com,,NO
null_blank,Null values detected in column REGION,REGION,MTR479,,999999,500,2025-05-01,alice521@yahoo.com,,NO
null_blank,Null values detected in column REGION,REGION,MTR480,,999999,-200,2025-05-01,emma328@company.com,,NO
null_blank,Null values detected in column REGION,REGION,MTR483,Ravi,999999,9999999,2025-05-01,john841@gmail.com,,NO
null_blank,Null values detected in column REGION,REGION,MTR489,Ravi,-50,9999999,2025-05-01,mike779@yahoo.com,,NO
null_blank,Null values detected in column REGION,REGION,MTR492,Ravi,100,1500,2025-05-01,alice111@gmail.com,,NO
null_blank,Null values detected in column REGION,REGION,MTR506,Neha,250,500,2025-05-01,sara480@yahoo.com,,NO
null_blank,Null values detected in column REGION,REGION,MTR507,Priya,250,500,2025-05-01,emma671@yahoo.com,,NO
null_blank,Null values detected in column REGION,REGION,MTR511,Priya,250,9999999,2025-05-01,emma899@yahoo.com,,NO
null_blank,Null values detected in column REGION,REGION,MTR512,Priya,-50,1500,2025-05-01,mike637@gmail.com,,NO
null_blank,Null values detected in column REGION,REGION,MTR516,,-50,500,2025-05-01,sara182@company.com,,NO
null_blank,Null values detected in column REGION,REGION,MTR50,Ravi,-50,500,2025-05-01,david890@gmail.com,,NO
null_blank,Null values detected in column REGION,REGION,MTR524,Priya,100,1500,2025-05-01,david682@gmail.com,,NO
null_blank,Null values detected in column REGION,REGION,MTR525,,-50,1500,2025-05-01,mike175@yahoo.com,,YES
null_blank,Null values detected in column REGION,REGION,MTR532,Neha,100,1500,2025-05-01,sara376@gmail.com,,NO
null_blank,Null values detected in column REGION,REGION,MTR533,Neha,100,-200,2025-05-01,mike461@gmail.com,,NO
null_blank,Null values detected in column REGION,REGION,MTR535,Ravi,100,9999999,2025-05-01,alice823@yahoo.com,,NO
null_blank,Null values detected in column REGION,REGION,MTR545,Neha,999999,1500,2025-05-01,sara528@yahoo.com,,NO
null_blank,Null values detected in column REGION,REGION,MTR546,Ravi,100,1500,2025-05-01,emma459@company.com,,NO
null_blank,Null values detected in column REGION,REGION,MTR549,Ravi,100,1500,2025-05-01,david680@gmail.com,,NO
null_blank,Null values detected in column REGION,REGION,MTR551,,100,500,2025-05-01,john607@gmail.com,,NO
null_blank,Null values detected in column REGION,REGION,MTR562,,-50,1500,2025-05-01,alice578@company.com,,NO
null_blank,Null values detected in column REGION,REGION,MTR572,Ravi,-50,-200,2025-05-01,alice335@company.com,,NO
null_blank,Null values detected in column REGION,REGION,MTR573,,999999,9999999,2025-05-01,john692@yahoo.com,,NO
null_blank,Null values detected in column REGION,REGION,MTR582,,-50,9999999,2025-05-01,sara858@gmail.com,,NO
null_blank,Null values detected in column REGION,REGION,MTR583,Priya,250,1500,2025-05-01,alice162@yahoo.com,,NO
null_blank,Null values detected in column REGION,REGION,MTR584,Priya,250,9999999,2025-05-01,john772@company.com,,NO
null_blank,Null values detected in column REGION,REGION,MTR590,Priya,999999,1500,2025-05-01,sara383@yahoo.com,,NO
null_blank,Null values detected in column REGION,REGION,MTR592,Neha,-50,-200,2025-05-01,sara733@yahoo.com,,NO
null_blank,Null values detected in column REGION,REGION,MTR595,Priya,999999,9999999,2025-05-01,mike919@yahoo.com,,YES
null_blank,Null values detected in column REGION,REGION,MTR598,Neha,250,1500,2025-05-01,mike397@company.com,,NO
null_blank,Null values detected in column REGION,REGION,MTR606,Ravi,100,500,2025-05-01,john238@company.com,,NO
null_blank,Null values detected in column REGION,REGION,MTR614,Ravi,250,500,2025-05-01,sara402@company.com,,NO
null_blank,Null values detected in column REGION,REGION,MTR615,Priya,-50,500,2025-05-01,alice213@company.com,,NO
null_blank,Null values detected in column REGION,REGION,MTR630,Ravi,100,1500,2100-01-01,john473@gmail.com,,YES
null_blank,Null values detected in column REGION,REGION,MTR631,Neha,999999,500,2025-05-01,john765@company.com,,NO
null_blank,Null values detected in column REGION,REGION,MTR637,Neha,250,9999999,2025-05-01,david291@yahoo.com,,NO
null_blank,Null values detected in column REGION,REGION,MTR638,Priya,250,1500,2025-05-01,david998@gmail.com,,NO
null_blank,Null values detected in column REGION,REGION,MTR640,,100,-200,2025-05-01,mike430@yahoo.com,,NO
null_blank,Null values detected in column REGION,REGION,MTR644,Ravi,999999,9999999,2025-05-01,david985@company.com,,NO
null_blank,Null values detected in column REGION,REGION,MTR648,Ravi,999999,-200,2025-05-01,sara702@company.com,,NO
null_blank,Null values detected in column REGION,REGION,MTR50,,-50,1500,2025-05-01,emma466@gmail.com,,NO
null_blank,Null values detected in column REGION,REGION,MTR661,Priya,100,1500,2025-05-01,sara62@company.com,,NO
null_blank,Null values detected in column REGION,REGION,MTR663,Ravi,999999,-200,2025-05-01,alice50@company.com,,NO
null_blank,Null values detected in column REGION,REGION,MTR668,Priya,100,1500,2025-05-01,john343@gmail.com,,NO
null_blank,Null values detected in column REGION,REGION,MTR673,Ravi,-50,9999999,2025-05-01,mike283@yahoo.com,,NO
null_blank,Null values detected in column REGION,REGION,MTR685,Neha,-50,9999999,2025-05-01,alice578@company.com,,NO
null_blank,Null values detected in column REGION,REGION,MTR687,Neha,-50,9999999,2025-05-01,john654@company.com,,NO
null_blank,Null values detected in column REGION,REGION,MTR689,Priya,250,1500,2025-05-01,emma401@company.com,,NO
null_blank,Null values detected in column REGION,REGION,MTR692,,100,9999999,2025-05-01,emma343@yahoo.com,,NO
null_blank,Null values detected in column REGION,REGION,MTR698,Neha,-50,1500,2025-05-01,emma38@gmail.com,,NO
null_blank,Null values detected in column REGION,REGION,MTR699,Ravi,999999,-200,2025-05-01,emma533@gmail.com,,NO
null_blank,Null values detected in column REGION,REGION,MTR701,Priya,100,9999999,2025-05-01,john163@company.com,,NO
null_blank,Null values detected in column REGION,REGION,MTR705,Priya,250,9999999,2025-05-01,alice49@gmail.com,,NO
null_blank,Null values detected in column REGION,REGION,MTR709,Priya,250,500,2025-05-01,sara225@gmail.com,,NO
null_blank,Null values detected in column REGION,REGION,MTR714,Priya,-50,1500,2025-05-01,john506@yahoo.com,,NO
null_blank,Null values detected in column REGION,REGION,MTR719,Neha,999999,1500,2025-05-01,alice788@company.com,,NO
null_blank,Null values detected in column REGION,REGION,MTR721,Neha,-50,1500,2025-05-01,emma696@company.com,,NO
null_blank,Null values detected in column REGION,REGION,MTR722,Neha,250,-200,2025-05-01,john488@gmail.com,,NO
null_blank,Null values detected in column REGION,REGION,MTR723,,100,-200,2025-05-01,john483@gmail.com,,NO
null_blank,Null values detected in column REGION,REGION,MTR725,Neha,250,500,2025-05-01,mike441@yahoo.com,,NO
null_blank,Null values detected in column REGION,REGION,MTR726,Priya,-50,9999999,2025-05-01,david435@company.com,,NO
null_blank,Null values detected in column REGION,REGION,MTR730,Neha,999999,-200,2025-05-01,sara75@yahoo.com,,NO
null_blank,Null values detected in column REGION,REGION,MTR733,Ravi,100,-200,2025-05-01,sara605@company.com,,NO
null_blank,Null values detected in column REGION,REGION,MTR734,Priya,250,1500,2025-05-01,david697@gmail.com,,NO
null_blank,Null values detected in column REGION,REGION,MTR735,,999999,-200,2025-05-01,john419@yahoo.com,,YES
null_blank,Null values detected in column REGION,REGION,MTR738,Neha,-50,500,2025-05-01,john34@yahoo.com,,NO
null_blank,Null values detected in column REGION,REGION,MTR741,Priya,-50,500,2025-05-01,mike327@gmail.com,,NO
null_blank,Null values detected in column REGION,REGION,MTR742,Priya,250,9999999,2025-05-01,emma933@company.com,,NO
null_blank,Null values detected in column REGION,REGION,MTR746,Priya,100,500,2025-05-01,david577@yahoo.com,,NO
null_blank,Null values detected in column REGION,REGION,MTR751,Neha,-50,1500,2025-05-01,david406@yahoo.com,,NO
null_blank,Null values detected in column REGION,REGION,MTR755,,-50,-200,2025-05-01,john754@company.com,,NO
null_blank,Null values detected in column REGION,REGION,MTR756,Ravi,100,1500,2025-05-01,john286@company.com,,NO
null_blank,Null values detected in column REGION,REGION,MTR760,Neha,-50,9999999,2025-05-01,mike94@gmail.com,,NO
null_blank,Null values detected in column REGION,REGION,MTR761,Priya,999999,9999999,2025-05-01,alice840@company.com,,NO
null_blank,Null values detected in column REGION,REGION,MTR766,,250,9999999,2025-05-01,david950@company.com,,NO
null_blank,Null values detected in column REGION,REGION,MTR770,,999999,9999999,2025-05-01,@gmail.com,,YES
null_blank,Null values detected in column REGION,REGION,MTR775,Neha,250,9999999,2025-05-01,emma377@company.com,,NO
null_blank,Null values detected in column REGION,REGION,MTR777,Neha,-50,9999999,2025-05-01,sara689@company.com,,NO
null_blank,Null values detected in column REGION,REGION,MTR50,,250,500,2025-05-01,david321@company.com,,NO
null_blank,Null values detected in column REGION,REGION,MTR781,Priya,100,-200,2025-05-01,david252@yahoo.com,,NO
null_blank,Null values detected in column REGION,REGION,MTR785,Priya,-50,500,2025-05-01,sara747@gmail.com,,NO
null_blank,Null values detected in column REGION,REGION,MTR787,Ravi,250,-200,2025-05-01,emma463@yahoo.com,,NO
null_blank,Null values detected in column REGION,REGION,MTR789,Ravi,250,500,2025-05-01,sara557@company.com,,NO
null_blank,Null values detected in column REGION,REGION,MTR791,,999999,500,2025-05-01,alice661@gmail.com,,NO
null_blank,Null values detected in column REGION,REGION,MTR801,,-50,9999999,2025-05-01,john412@gmail.com,,NO
null_blank,Null values detected in column REGION,REGION,MTR803,Ravi,999999,1500,2025-05-01,david217@yahoo.com,,NO
null_blank,Null values detected in column REGION,REGION,MTR806,Priya,999999,500,2025-05-01,john807@yahoo.com,,NO
null_blank,Null values detected in column REGION,REGION,MTR807,Ravi,-50,1500,2025-05-01,sara18@yahoo.com,,NO
null_blank,Null values detected in column REGION,REGION,MTR813,Ravi,100,-200,2025-05-01,emma457@yahoo.com,,NO
null_blank,Null values detected in column REGION,REGION,MTR818,Priya,-50,1500,2025-05-01,emma34@company.com,,NO
null_blank,Null values detected in column REGION,REGION,MTR820,Neha,-50,9999999,2025-05-01,john41@company.com,,NO
null_blank,Null values detected in column REGION,REGION,MTR821,,-50,-200,2025-05-01,mike954@yahoo.com,,NO
null_blank,Null values detected in column REGION,REGION,MTR823,,100,9999999,2025-05-01,mike338@gmail.com,,NO
null_blank,Null values detected in column REGION,REGION,MTR825,,999999,-200,2025-05-01,invalidmail,,NO
null_blank,Null values detected in column REGION,REGION,MTR829,,-50,9999999,2025-05-01,david822@gmail.com,,NO
null_blank,Null values detected in column REGION,REGION,MTR830,,999999,1500,2025-05-01,david167@yahoo.com,,NO
null_blank,Null values detected in column REGION,REGION,MTR835,Ravi,100,-200,2025-05-01,alice286@company.com,,NO
null_blank,Null values detected in column REGION,REGION,MTR836,Ravi,-50,500,2025-05-01,sara297@company.com,,NO
null_blank,Null values detected in column REGION,REGION,MTR840,Neha,999999,500,2025-05-01,sara527@gmail.com,,YES
null_blank,Null values detected in column REGION,REGION,MTR843,Neha,250,1500,2025-05-01,alice220@yahoo.com,,NO
null_blank,Null values detected in column REGION,REGION,MTR844,Priya,999999,-200,2025-05-01,sara282@company.com,,NO
null_blank,Null values detected in column REGION,REGION,MTR852,,100,9999999,2025-05-01,john948@yahoo.com,,NO
null_blank,Null values detected in column REGION,REGION,MTR860,Neha,999999,9999999,2025-05-01,mike420@company.com,,NO
null_blank,Null values detected in column REGION,REGION,MTR861,Ravi,-50,500,2025-05-01,john324@gmail.com,,NO
null_blank,Null values detected in column REGION,REGION,MTR866,Ravi,100,500,2025-05-01,emma315@gmail.com,,NO
null_blank,Null values detected in column REGION,REGION,MTR869,Neha,100,-200,2025-05-01,emma296@yahoo.com,,NO
null_blank,Null values detected in column REGION,REGION,MTR880,Priya,100,500,2025-05-01,invalidmail,,NO
null_blank,Null values detected in column REGION,REGION,MTR881,,250,9999999,2025-05-01,sara921@yahoo.com,,NO
null_blank,Null values detected in column REGION,REGION,MTR883,,100,9999999,2025-05-01,david209@gmail.com,,NO
null_blank,Null values detected in column REGION,REGION,MTR884,Priya,250,-200,2025-05-01,david760@company.com,,NO
null_blank,Null values detected in column REGION,REGION,MTR894,Neha,250,9999999,2025-05-01,sara62@yahoo.com,,NO
null_blank,Null values detected in column REGION,REGION,MTR895,Priya,-50,-200,2025-05-01,emma15@yahoo.com,,NO
null_blank,Null values detected in column REGION,REGION,MTR896,Neha,999999,500,2025-05-01,emma554@yahoo.com,,NO
null_blank,Null values detected in column REGION,REGION,MTR897,Priya,250,-200,2025-05-01,alice883@yahoo.com,,NO
null_blank,Null values detected in column REGION,REGION,MTR899,Ravi,250,1500,2025-05-01,david682@company.com,,NO
null_blank,Null values detected in column REGION,REGION,MTR901,Neha,100,9999999,2025-05-01,john85@gmail.com,,NO
null_blank,Null values detected in column REGION,REGION,MTR902,Priya,250,-200,2025-05-01,mike978@gmail.com,,NO
null_blank,Null values detected in column REGION,REGION,MTR906,Neha,999999,1500,2025-05-01,emma675@yahoo.com,,NO
null_blank,Null values detected in column REGION,REGION,MTR907,,999999,9999999,2025-05-01,alice773@yahoo.com,,NO
null_blank,Null values detected in column REGION,REGION,MTR913,Ravi,250,500,2025-05-01,mike955@yahoo.com,,NO
null_blank,Null values detected in column REGION,REGION,MTR914,Ravi,100,1500,2025-05-01,mike842@yahoo.com,,NO
null_blank,Null values detected in column REGION,REGION,MTR915,Priya,250,9999999,2025-05-01,alice659@gmail.com,,NO
null_blank,Null values detected in column REGION,REGION,MTR934,,250,9999999,2025-05-01,emma189@company.com,,NO
null_blank,Null values detected in column REGION,REGION,MTR935,Priya,250,-200,2025-05-01,@gmail.com,,NO
null_blank,Null values detected in column REGION,REGION,MTR936,Priya,250,1500,2025-05-01,sara78@company.com,,NO
null_blank,Null values detected in column REGION,REGION,MTR940,Priya,-50,-200,2025-05-01,mike317@yahoo.com,,NO
null_blank,Null values detected in column REGION,REGION,MTR949,,-50,9999999,2025-05-01,alice54@gmail.com,,NO
null_blank,Null values detected in column REGION,REGION,MTR950,Neha,100,1500,2025-05-01,sara605@company.com,,NO
null_blank,Null values detected in column REGION,REGION,MTR954,Ravi,250,1500,2025-05-01,sara112@gmail.com,,NO
null_blank,Null values detected in column REGION,REGION,MTR961,Priya,100,-200,2025-05-01,alice275@gmail.com,,NO
null_blank,Null values detected in column REGION,REGION,MTR966,Neha,100,-200,2025-05-01,john601@yahoo.com,,NO
null_blank,Null values detected in column REGION,REGION,MTR967,,250,9999999,2025-05-01,sara845@yahoo.com,,NO
null_blank,Null values detected in column REGION,REGION,MTR971,Neha,100,500,2025-05-01,emma65@gmail.com,,NO
null_blank,Null values detected in column REGION,REGION,MTR980,Ravi,-50,9999999,2025-05-01,sara900@company.com,,YES
null_blank,Null values detected in column REGION,REGION,MTR981,Priya,250,1500,2025-05-01,david963@yahoo.com,,NO
null_blank,Null values detected in column REGION,REGION,MTR983,Priya,100,9999999,2025-05-01,mike59@gmail.com,,NO
null_blank,Null values detected in column REGION,REGION,MTR984,Ravi,-50,-200,2025-05-01,john9@company.com,,NO
null_blank,Null values detected in column REGION,REGION,MTR985,,999999,1500,2025-05-01,john897@yahoo.com,,NO
null_blank,Null values detected in column REGION,REGION,MTR988,Ravi,250,9999999,2025-05-01,emma537@company.com,,NO
null_blank,Null values detected in column REGION,REGION,MTR991,,-50,9999999,2025-05-01,alice799@yahoo.com,,NO
null_blank,Null values detected in column REGION,REGION,MTR994,Ravi,250,500,2025-05-01,sara912@yahoo.com,,NO
null_blank,Null values detected in column REGION,REGION,MTR995,Ravi,100,500,2025-05-01,mike678@gmail.com,,NO
null_blank,Null values detected in column REGION,REGION,MTR998,Ravi,999999,9999999,2025-05-01,sara580@company.com,,NO
null_blank,Null values detected in column REGION,REGION,MTR1001,Neha,250,1500,2025-05-01,john630@yahoo.com,,NO
null_blank,Null values detected in column REGION,REGION,MTR1010,Ravi,100,-200,2025-05-01,mike754@gmail.com,,NO
null_blank,Null values detected in column REGION,REGION,MTR1014,,999999,-200,2025-05-01,alice428@company.com,,NO
null_blank,Null values detected in column REGION,REGION,MTR1022,Ravi,250,1500,2025-05-01,alice367@yahoo.com,,NO
null_blank,Null values detected in column REGION,REGION,MTR1029,Priya,999999,1500,2025-05-01,alice841@gmail.com,,NO
null_blank,Null values detected in column REGION,REGION,MTR1035,Ravi,250,-200,2025-05-01,sara67@gmail.com,,NO
null_blank,Null values detected in column REGION,REGION,MTR1036,Ravi,-50,500,2025-05-01,john369@gmail.com,,NO
null_blank,Null values detected in column REGION,REGION,MTR1037,Neha,999999,9999999,2025-05-01,david859@yahoo.com,,NO
null_blank,Null values detected in column REGION,REGION,MTR1038,Neha,999999,500,2025-05-01,david954@gmail.com,,NO
null_blank,Null values detected in column REGION,REGION,MTR50,Ravi,999999,-200,2025-05-01,john266@company.com,,NO
null_blank,Null values detected in column REGION,REGION,MTR1041,Ravi,100,-200,2025-05-01,john721@gmail.com,,NO
null_blank,Null values detected in column REGION,REGION,MTR1042,Ravi,-50,9999999,2025-05-01,john615@company.com,,NO
null_blank,Null values detected in column REGION,REGION,MTR1050,,250,500,2025-05-01,john89@company.com,,YES
null_blank,Null values detected in column REGION,REGION,MTR1057,Neha,250,500,2025-05-01,mike281@gmail.com,,NO
null_blank,Null values detected in column REGION,REGION,MTR1060,Priya,-50,9999999,2025-05-01,sara621@gmail.com,,NO
null_blank,Null values detected in column REGION,REGION,MTR1074,Neha,250,9999999,2025-05-01,sara474@yahoo.com,,NO
null_blank,Null values detected in column REGION,REGION,MTR1075,Ravi,250,9999999,2025-05-01,sara687@yahoo.com,,NO
null_blank,Null values detected in column REGION,REGION,MTR1090,Neha,-50,9999999,2025-05-01,david378@yahoo.com,,NO
null_blank,Null values detected in column REGION,REGION,MTR1095,Priya,250,-200,2025-05-01,david154@yahoo.com,,NO
null_blank,Null values detected in column REGION,REGION,MTR1102,Ravi,100,9999999,2025-05-01,john991@company.com,,NO
null_blank,Null values detected in column REGION,REGION,MTR1108,Ravi,999999,500,2025-05-01,david547@company.com,,NO
null_blank,Null values detected in column REGION,REGION,MTR1115,Priya,250,9999999,2025-05-01,david927@gmail.com,,NO
null_blank,Null values detected in column REGION,REGION,MTR1126,Neha,100,500,2025-05-01,mike713@yahoo.com,,NO
null_blank,Null values detected in column REGION,REGION,MTR1130,Neha,250,9999999,2025-05-01,emma886@company.com,,NO
null_blank,Null values detected in column REGION,REGION,MTR1135,Neha,-50,9999999,2025-05-01,john121@company.com,,NO
null_blank,Null values detected in column REGION,REGION,MTR1139,,999999,-200,2025-05-01,emma732@yahoo.com,,NO
null_blank,Null values detected in column REGION,REGION,MTR1140,Priya,999999,-200,2025-05-01,emma28@gmail.com,,NO
null_blank,Null values detected in column REGION,REGION,MTR1151,Ravi,250,500,2025-05-01,emma797@yahoo.com,,NO
null_blank,Null values detected in column REGION,REGION,MTR1164,Neha,100,9999999,2025-05-01,emma123@company.com,,NO
null_blank,Null values detected in column REGION,REGION,MTR1169,Neha,-50,1500,2025-05-01,david124@yahoo.com,,NO
null_blank,Null values detected in column REGION,REGION,MTR1171,Priya,100,1500,2025-05-01,david514@gmail.com,,NO
null_blank,Null values detected in column REGION,REGION,MTR1177,,100,1500,2025-05-01,alice769@gmail.com,,NO
null_blank,Null values detected in column REGION,REGION,MTR1183,Neha,-50,-200,2025-05-01,mike303@gmail.com,,NO
null_blank,Null values detected in column REGION,REGION,MTR1187,Neha,250,9999999,2025-05-01,alice607@company.com,,NO
null_blank,Null values detected in column REGION,REGION,MTR1189,Priya,100,9999999,2025-05-01,sara117@gmail.com,,NO
null_blank,Null values detected in column REGION,REGION,MTR1190,Neha,100,-200,2025-05-01,sara219@company.com,,YES
null_blank,Null values detected in column REGION,REGION,MTR1195,Neha,100,1500,2025-05-01,sara215@yahoo.com,,NO
null_blank,Null values detected in column REGION,REGION,MTR1196,Priya,100,1500,2025-05-01,david105@gmail.com,,NO
null_blank,Null values detected in column REGION,REGION,MTR1197,Neha,100,1500,2025-05-01,john166@company.com,,NO
null_blank,Null values detected in column REGION,REGION,MTR1205,Ravi,250,1500,2025-05-01,alice994@yahoo.com,,NO
null_blank,Null values detected in column REGION,REGION,MTR1207,Ravi,-50,9999999,2025-05-01,emma909@yahoo.com,,NO
null_blank,Null values detected in column REGION,REGION,MTR1215,Ravi,-50,500,2025-05-01,john710@company.com,,NO
null_blank,Null values detected in column REGION,REGION,MTR1216,Neha,999999,9999999,2025-05-01,mike133@company.com,,NO
null_blank,Null values detected in column REGION,REGION,MTR1218,Neha,100,-200,2025-05-01,sara188@company.com,,NO
null_blank,Null values detected in column REGION,REGION,MTR1225,Ravi,100,1500,2025-05-01,emma778@gmail.com,,YES
null_blank,Null values detected in column REGION,REGION,MTR1227,Neha,-50,500,2025-05-01,mike56@company.com,,NO
null_blank,Null values detected in column REGION,REGION,MTR1232,Ravi,999999,-200,2025-05-01,sara741@company.com,,NO
null_blank,Null values detected in column REGION,REGION,MTR1233,,100,-200,2025-05-01,sara110@gmail.com,,NO
null_blank,Null values detected in column REGION,REGION,MTR1235,Priya,250,1500,2025-05-01,john340@company.com,,NO
null_blank,Null values detected in column REGION,REGION,MTR1238,Priya,250,-200,2025-05-01,emma407@yahoo.com,,NO
null_blank,Null values detected in column REGION,REGION,MTR1241,,-50,500,2025-05-01,david62@yahoo.com,,NO
null_blank,Null values detected in column REGION,REGION,MTR1246,Priya,100,-200,2025-05-01,sara535@gmail.com,,NO
null_blank,Null values detected in column REGION,REGION,MTR1255,Priya,999999,9999999,2025-05-01,sara281@yahoo.com,,NO
null_blank,Null values detected in column REGION,REGION,MTR1257,Neha,250,-200,2025-05-01,alice321@gmail.com,,NO
null_blank,Null values detected in column REGION,REGION,MTR1264,,250,-200,2025-05-01,sara987@yahoo.com,,NO
null_blank,Null values detected in column REGION,REGION,MTR1265,,250,9999999,2025-05-01,missingdomain@,,NO
null_blank,Null values detected in column REGION,REGION,MTR1273,Priya,999999,9999999,2025-05-01,mike750@yahoo.com,,NO
null_blank,Null values detected in column REGION,REGION,MTR1284,Ravi,-50,9999999,2025-05-01,john379@gmail.com,,NO
null_blank,Null values detected in column REGION,REGION,MTR1288,,999999,500,2025-05-01,david886@company.com,,NO
null_blank,Null values detected in column REGION,REGION,MTR1297,,250,500,2025-05-01,john229@gmail.com,,NO
null_blank,Null values detected in column REGION,REGION,MTR1301,Priya,-50,-200,2025-05-01,sara733@yahoo.com,,NO
null_blank,Null values detected in column REGION,REGION,MTR1302,Priya,250,500,2025-05-01,john826@company.com,,NO
null_blank,Null values detected in column REGION,REGION,MTR1303,Ravi,-50,-200,2025-05-01,alice568@company.com,,NO
null_blank,Null values detected in column REGION,REGION,MTR1304,Ravi,250,9999999,2025-05-01,alice79@yahoo.com,,NO
null_blank,Null values detected in column REGION,REGION,MTR1305,,250,500,2025-05-01,mike745@yahoo.com,,NO
null_blank,Null values detected in column REGION,REGION,MTR1306,Priya,100,9999999,2025-05-01,alice796@company.com,,NO
null_blank,Null values detected in column REGION,REGION,MTR1307,Neha,999999,9999999,2025-05-01,john773@yahoo.com,,NO
null_blank,Null values detected in column REGION,REGION,MTR1312,Ravi,999999,-200,2025-05-01,emma581@company.com,,NO
null_blank,Null values detected in column REGION,REGION,MTR1317,,100,1500,2025-05-01,alice654@company.com,,NO
null_blank,Null values detected in column REGION,REGION,MTR1319,,999999,9999999,2025-05-01,sara879@yahoo.com,,NO
null_blank,Null values detected in column REGION,REGION,MTR1324,,250,-200,2025-05-01,john250@gmail.com,,NO
null_blank,Null values detected in column REGION,REGION,MTR1325,Priya,999999,500,2025-05-01,mike183@gmail.com,,NO
null_blank,Null values detected in column REGION,REGION,MTR1330,Neha,250,500,2025-05-01,alice312@company.com,,YES
null_blank,Null values detected in column REGION,REGION,MTR1331,Priya,999999,-200,2025-05-01,sara676@yahoo.com,,NO
null_blank,Null values detected in column REGION,REGION,MTR1353,Neha,250,1500,2025-05-01,david990@gmail.com,,NO
null_blank,Null values detected in column REGION,REGION,MTR1354,,250,9999999,2025-05-01,sara177@gmail.com,,NO
null_blank,Null values detected in column REGION,REGION,MTR1355,Priya,-50,500,2025-05-01,david483@yahoo.com,,NO
null_blank,Null values detected in column REGION,REGION,MTR1357,Ravi,-50,1500,2025-05-01,david386@gmail.com,,NO
null_blank,Null values detected in column REGION,REGION,MTR1358,Priya,100,9999999,2025-05-01,sara145@yahoo.com,,NO
null_blank,Null values detected in column REGION,REGION,MTR1362,Priya,100,500,2025-05-01,emma486@gmail.com,,NO
null_blank,Null values detected in column REGION,REGION,MTR1367,,-50,-200,2025-05-01,sara386@gmail.com,,NO
null_blank,Null values detected in column REGION,REGION,MTR1369,,-50,9999999,2025-05-01,mike479@yahoo.com,,NO
null_blank,Null values detected in column REGION,REGION,MTR1379,Ravi,999999,9999999,2025-05-01,alice177@company.com,,NO
null_blank,Null values detected in column REGION,REGION,MTR1396,Ravi,-50,500,2025-05-01,david356@gmail.com,,NO
null_blank,Null values detected in column REGION,REGION,MTR1408,Neha,-50,9999999,2025-05-01,david74@company.com,,NO
null_blank,Null values detected in column REGION,REGION,MTR1409,Priya,-50,-200,2025-05-01,david47@company.com,,NO
null_blank,Null values detected in column REGION,REGION,MTR1412,Priya,999999,9999999,2025-05-01,sara776@gmail.com,,NO
null_blank,Null values detected in column REGION,REGION,MTR1415,,100,1500,2025-05-01,david497@company.com,,NO
null_blank,Null values detected in column REGION,REGION,MTR1416,Neha,250,-200,2025-05-01,sara917@gmail.com,,NO
null_blank,Null values detected in column REGION,REGION,MTR1420,Neha,100,1500,2025-05-01,alice360@yahoo.com,,NO
null_blank,Null values detected in column REGION,REGION,MTR1421,Neha,100,1500,2025-05-01,mike39@company.com,,NO
null_blank,Null values detected in column REGION,REGION,MTR1424,Ravi,-50,1500,2025-05-01,mike814@gmail.com,,NO
null_blank,Null values detected in column REGION,REGION,MTR1425,Ravi,999999,500,2025-05-01,john16@company.com,,NO
null_blank,Null values detected in column REGION,REGION,MTR1426,Ravi,-50,500,2025-05-01,emma502@gmail.com,,NO
null_blank,Null values detected in column REGION,REGION,MTR1432,Ravi,250,1500,2025-05-01,emma60@company.com,,NO
null_blank,Null values detected in column REGION,REGION,MTR1439,Priya,-50,-200,2025-05-01,mike557@company.com,,NO
null_blank,Null values detected in column REGION,REGION,MTR1443,Ravi,-50,500,2025-05-01,emma891@company.com,,NO
null_blank,Null values detected in column REGION,REGION,MTR1444,Neha,100,-200,2025-05-01,sara328@gmail.com,,NO
null_blank,Null values detected in column REGION,REGION,MTR1447,Neha,250,500,2025-05-01,john754@yahoo.com,,NO
null_blank,Null values detected in column REGION,REGION,MTR1448,,-50,1500,2025-05-01,david238@gmail.com,,NO
null_blank,Null values detected in column REGION,REGION,MTR1453,Ravi,999999,500,2025-05-01,emma772@gmail.com,,NO
null_blank,Null values detected in column REGION,REGION,MTR1454,,250,500,2025-05-01,john119@yahoo.com,,NO
null_blank,Null values detected in column REGION,REGION,MTR1462,Ravi,250,500,2025-05-01,david538@gmail.com,,NO
null_blank,Null values detected in column REGION,REGION,MTR1465,Priya,-50,-200,2025-05-01,john582@company.com,,NO
null_blank,Null values detected in column REGION,REGION,MTR1467,Ravi,999999,-200,2025-05-01,mike142@gmail.com,,NO
null_blank,Null values detected in column REGION,REGION,MTR1473,,100,500,2025-05-01,alice550@gmail.com,,NO
null_blank,Null values detected in column REGION,REGION,MTR1478,Neha,250,9999999,2025-05-01,john733@gmail.com,,NO
null_blank,Null values detected in column REGION,REGION,MTR1483,,-50,500,2025-05-01,sara699@gmail.com,,NO
null_blank,Null values detected in column REGION,REGION,MTR1487,Ravi,100,1500,2025-05-01,emma552@gmail.com,,NO
null_blank,Null values detected in column REGION,REGION,MTR1496,Ravi,250,-200,2025-05-01,david492@company.com,,NO
null_blank,Null values detected in column REGION,REGION,MTR1498,,250,9999999,2025-05-01,john238@company.com,,NO
null_blank,Null values detected in column REGION,REGION,MTR1499,Neha,-50,500,2025-05-01,mike599@company.com,,NO
null_blank,Null values detected in column REGION,REGION,MTR1500,,250,1500,2025-05-01,alice584@company.com,,NO
