METERID,CONSUMERNAME,UNITSCONSUMED,BILLAMOUNT,BILLINGDATE,EMAIL,REGION,ISSUEFLAG
MTR1141,Ravi,-50,9999999,2025-05-01,john304@company.com,North,NO
MTR1142,Priya,250,9999999,2025-05-01,sara619@company.com,InvalidRegion,NO
MTR1143,Ravi,999999,1500,2025-05-01,alice287@yahoo.com,South,NO
MTR1144,Priya,999999,500,2025-05-01,emma399@company.com,InvalidRegion,NO
MTR1145,Neha,100,1500,2025-05-01,alice145@gmail.com,South,NO
MTR1146,Ravi,100,9999999,2025-05-01,emma624@gmail.com,North,NO
MTR1147,Priya,999999,1500,2025-05-01,david298@company.com,InvalidRegion,NO
MTR1148,Neha,-50,-200,2025-05-01,emma105@company.com,South,NO
MTR1149,Neha,999999,1500,2025-05-01,david101@yahoo.com,InvalidRegion,NO
MTR1150,Ravi,250,-200,2025-05-01,emma882@yahoo.com,InvalidRegion,NO
MTR1151,Ravi,250,500,2025-05-01,emma797@yahoo.com,,NO
MTR1152,Ravi,999999,1500,2025-05-01,john288@gmail.com,InvalidRegion,NO
MTR1153,Priya,999999,500,2025-05-01,emma55@yahoo.com,InvalidRegion,NO
MTR1154,,250,-200,2025-05-01,emma361@yahoo.com,InvalidRegion,NO
MTR1155,Priya,100,-200,2025-05-01,missingdomain@,North,YES
MTR1156,Priya,250,500,2025-05-01,john929@company.com,South,NO
MTR1157,Ravi,-50,-200,2025-05-01,john701@gmail.com,InvalidRegion,NO
MTR1158,Ravi,-50,9999999,2025-05-01,john297@gmail.com,North,NO
MTR1159,Priya,999999,9999999,2025-05-01,mike978@yahoo.com,InvalidRegion,NO
MTR1160,Priya,250,-200,2025-05-01,john540@yahoo.com,South,NO
MTR1161,Neha,999999,-200,2025-05-01,david845@company.com,South,NO
MTR1162,Neha,250,-200,2025-05-01,john332@gmail.com,South,NO
MTR1163,Priya,250,1500,2025-05-01,mike442@company.com,InvalidRegion,NO
MTR1164,Neha,100,9999999,2025-05-01,emma123@company.com,,NO
MTR1165,Priya,250,500,2025-05-01,sara472@gmail.com,North,NO
MTR1166,,999999,-200,2025-05-01,mike792@company.com,North,NO
MTR1167,Priya,-50,-200,2025-05-01,emma572@yahoo.com,South,NO
MTR1168,Priya,100,-200,2025-05-01,john526@company.com,North,NO
MTR1169,Neha,-50,1500,2025-05-01,david124@yahoo.com,,NO
MTR50,Priya,-50,-200,2025-05-01,mike300@gmail.com,North,NO
MTR1171,Priya,100,1500,2025-05-01,david514@gmail.com,,NO
MTR1172,Neha,250,-200,2025-05-01,emma419@gmail.com,South,NO
MTR1173,Ravi,-50,500,2025-05-01,emma99@company.com,InvalidRegion,NO
MTR1174,,100,9999999,2025-05-01,mike728@yahoo.com,InvalidRegion,NO
MTR1175,Neha,-50,500,2025-05-01,david57@gmail.com,North,NO
MTR1176,Neha,-50,1500,2025-05-01,john218@gmail.com,North,NO
MTR1177,,100,1500,2025-05-01,alice769@gmail.com,,NO
MTR1178,Ravi,-50,1500,2025-05-01,mike915@gmail.com,North,NO
MTR1179,Ravi,999999,500,2025-05-01,alice291@company.com,InvalidRegion,NO
MTR1180,Neha,-50,9999999,2025-05-01,emma909@yahoo.com,InvalidRegion,NO
MTR1181,,100,500,2025-05-01,alice329@company.com,North,NO
MTR1182,Neha,100,-200,2025-05-01,david838@yahoo.com,InvalidRegion,NO
MTR1183,Neha,-50,-200,2025-05-01,mike303@gmail.com,,NO
MTR1184,Priya,999999,9999999,2025-05-01,emma358@company.com,South,NO
MTR1185,,999999,500,2025-05-01,emma810@yahoo.com,South,NO
MTR1186,,-50,9999999,2025-05-01,emma648@gmail.com,InvalidRegion,NO
MTR1187,Neha,250,9999999,2025-05-01,alice607@company.com,,NO
MTR1188,Neha,250,9999999,2025-05-01,sara925@company.com,South,NO
MTR1189,Priya,100,9999999,2025-05-01,sara117@gmail.com,,NO
MTR1190,Neha,100,-200,2025-05-01,sara219@company.com,,YES
MTR1191,,100,500,2025-05-01,alice575@company.com,North,NO
MTR1192,Neha,-50,9999999,2025-05-01,emma399@yahoo.com,North,NO
MTR1193,Neha,999999,1500,2025-05-01,emma260@company.com,South,NO
MTR1194,,250,1500,2025-05-01,david580@gmail.com,South,NO
MTR1195,Neha,100,1500,2025-05-01,sara215@yahoo.com,,NO
MTR1196,Priya,100,1500,2025-05-01,david105@gmail.com,,NO
MTR1197,Neha,100,1500,2025-05-01,john166@company.com,,NO
MTR1198,Priya,250,-200,2025-05-01,john807@company.com,InvalidRegion,NO
MTR1199,Ravi,999999,9999999,2025-05-01,alice144@yahoo.com,North,NO
MTR1200,Priya,100,1500,2025-05-01,john893@gmail.com,South,NO
MTR1201,Ravi,-50,1500,2025-05-01,john197@yahoo.com,InvalidRegion,NO
MTR1202,Neha,100,9999999,2025-05-01,david34@gmail.com,InvalidRegion,NO
MTR1203,Ravi,250,500,2025-05-01,mike166@gmail.com,South,NO
MTR1204,Neha,100,-200,2025-05-01,alice599@company.com,InvalidRegion,NO
MTR1205,Ravi,250,1500,2025-05-01,alice994@yahoo.com,,NO
MTR1206,,250,-200,2025-05-01,john205@company.com,InvalidRegion,NO
MTR1207,Ravi,-50,9999999,2025-05-01,emma909@yahoo.com,,NO
MTR1208,Ravi,999999,9999999,2025-05-01,emma879@yahoo.com,North,NO
MTR1209,Priya,-50,-200,2025-05-01,emma673@yahoo.com,InvalidRegion,NO
MTR1210,Neha,100,1500,2025-05-01,invalidmail,InvalidRegion,NO
MTR1211,,999999,1500,2025-05-01,john38@company.com,InvalidRegion,NO
MTR1212,,999999,-200,2025-05-01,john365@yahoo.com,South,NO
MTR1213,Neha,999999,1500,2025-05-01,john66@gmail.com,North,NO
MTR1214,Ravi,250,1500,2025-05-01,mike752@yahoo.com,North,NO
MTR1215,Ravi,-50,500,2025-05-01,john710@company.com,,NO
MTR1216,Neha,999999,9999999,2025-05-01,mike133@company.com,,NO
MTR1217,Priya,999999,500,2025-05-01,sara194@gmail.com,North,NO
MTR1218,Neha,100,-200,2025-05-01,sara188@company.com,,NO
MTR1219,,100,500,2025-05-01,sara546@yahoo.com,North,NO
MTR1220,,250,9999999,2025-05-01,alice368@gmail.com,South,NO
MTR1221,Ravi,999999,1500,2025-05-01,john715@gmail.com,InvalidRegion,NO
MTR1222,Neha,100,-200,2025-05-01,emma457@gmail.com,InvalidRegion,NO
MTR1223,,-50,1500,2025-05-01,david589@gmail.com,South,NO
MTR1224,Priya,999999,9999999,2025-05-01,alice274@company.com,South,NO
MTR1225,Ravi,100,1500,2025-05-01,emma778@gmail.com,,YES
MTR1226,Ravi,100,9999999,2025-05-01,john257@yahoo.com,North,NO
MTR1227,Neha,-50,500,2025-05-01,mike56@company.com,,NO
MTR1228,Neha,999999,9999999,2025-05-01,john187@gmail.com,South,NO
MTR1229,,100,1500,2025-05-01,david659@company.com,South,NO
MTR1230,Priya,999999,500,2025-05-01,emma337@yahoo.com,InvalidRegion,NO
MTR1231,Ravi,999999,9999999,2025-05-01,alice170@yahoo.com,InvalidRegion,NO
MTR1232,Ravi,999999,-200,2025-05-01,sara741@company.com,,NO
MTR1233,,100,-200,2025-05-01,sara110@gmail.com,,NO
MTR1234,Ravi,100,500,2025-05-01,david51@gmail.com,North,NO
MTR1235,Priya,250,1500,2025-05-01,john340@company.com,,NO
MTR1236,Priya,100,-200,2025-05-01,alice170@company.com,North,NO
MTR1237,,100,500,2025-05-01,emma597@yahoo.com,North,NO
MTR1238,Priya,250,-200,2025-05-01,emma407@yahoo.com,,NO
MTR1239,,250,9999999,2025-05-01,mike404@company.com,South,NO
MTR1240,Neha,999999,-200,2025-05-01,sara373@yahoo.com,InvalidRegion,NO
MTR1241,,-50,500,2025-05-01,david62@yahoo.com,,NO
MTR1242,Ravi,100,-200,2025-05-01,john428@yahoo.com,InvalidRegion,NO
MTR1243,Neha,999999,500,2025-05-01,mike795@gmail.com,North,NO
MTR1244,Priya,100,9999999,2025-05-01,mike588@company.com,South,NO
MTR1245,Ravi,999999,500,2025-05-01,mike372@gmail.com,InvalidRegion,NO
MTR1246,Priya,100,-200,2025-05-01,sara535@gmail.com,,NO
MTR1247,Ravi,-50,9999999,2025-05-01,john324@company.com,InvalidRegion,NO
MTR1248,Ravi,999999,-200,2025-05-01,alice99@yahoo.com,InvalidRegion,NO
MTR1249,,100,9999999,2025-05-01,john279@gmail.com,South,NO
MTR1250,,100,9999999,2025-05-01,mike603@company.com,South,NO
MTR1251,Ravi,-50,1500,2025-05-01,david361@yahoo.com,InvalidRegion,NO
MTR1252,Ravi,999999,1500,2025-05-01,sara682@yahoo.com,South,NO
MTR1253,Neha,999999,1500,2025-05-01,mike796@company.com,InvalidRegion,NO
MTR1254,Ravi,250,500,2025-05-01,emma18@gmail.com,InvalidRegion,NO
MTR1255,Priya,999999,9999999,2025-05-01,sara281@yahoo.com,,NO
MTR1256,Priya,100,9999999,2025-05-01,david144@gmail.com,South,NO
MTR1257,Neha,250,-200,2025-05-01,alice321@gmail.com,,NO
MTR1258,,-50,500,2025-05-01,david299@yahoo.com,InvalidRegion,NO
MTR1259,Ravi,100,500,2025-05-01,mike223@company.com,North,NO
MTR1260,Neha,250,9999999,2025-05-01,david181@yahoo.com,InvalidRegion,YES
MTR1261,Priya,250,500,2025-05-01,david364@gmail.com,South,NO
MTR1262,Priya,250,500,2025-05-01,mike596@yahoo.com,North,NO
MTR1263,,-50,-200,2025-05-01,john468@gmail.com,South,NO
MTR1264,,250,-200,2025-05-01,sara987@yahoo.com,,NO
MTR1265,,250,9999999,2025-05-01,missingdomain@,,NO
MTR1266,Ravi,-50,9999999,2025-05-01,sara155@company.com,South,NO
MTR1267,,250,-200,2025-05-01,john214@company.com,InvalidRegion,NO
MTR1268,Neha,100,500,2025-05-01,john142@gmail.com,North,NO
MTR1269,,999999,1500,2025-05-01,alice590@yahoo.com,North,NO
MTR1270,Neha,250,500,2025-05-01,mike677@company.com,North,NO
MTR1271,Priya,250,9999999,2025-05-01,sara488@gmail.com,InvalidRegion,NO
MTR1272,,250,500,2025-05-01,alice914@company.com,North,NO
MTR1273,Priya,999999,9999999,2025-05-01,mike750@yahoo.com,,NO
MTR1274,Neha,250,500,2025-05-01,emma188@yahoo.com,South,NO
MTR1275,,-50,9999999,2025-05-01,david255@yahoo.com,South,NO
MTR1276,Priya,250,-200,2025-05-01,mike104@gmail.com,InvalidRegion,NO
MTR1277,Ravi,250,1500,2025-05-01,alice36@company.com,North,NO
MTR1278,Neha,250,-200,2025-05-01,david851@gmail.com,South,NO
MTR1279,Ravi,999999,9999999,2025-05-01,mike423@yahoo.com,North,NO
MTR1280,Priya,-50,1500,2025-05-01,emma809@gmail.com,South,NO
MTR1281,Ravi,-50,1500,2025-05-01,emma697@gmail.com,InvalidRegion,NO
MTR1282,Neha,999999,500,2025-05-01,emma644@gmail.com,InvalidRegion,NO
MTR1283,Ravi,-50,9999999,2025-05-01,emma952@company.com,InvalidRegion,NO
MTR1284,Ravi,-50,9999999,2025-05-01,john379@gmail.com,,NO
MTR1285,Priya,999999,9999999,2025-05-01,alice15@gmail.com,North,NO
MTR1286,Priya,250,-200,2025-05-01,john111@yahoo.com,North,NO
MTR1287,,250,9999999,2025-05-01,mike41@company.com,InvalidRegion,NO
MTR1288,,999999,500,2025-05-01,david886@company.com,,NO
MTR1289,Ravi,250,-200,2025-05-01,john788@company.com,South,NO
MTR1290,Priya,250,500,2025-05-01,mike536@yahoo.com,North,NO
MTR1291,Ravi,100,1500,2025-05-01,sara735@yahoo.com,North,NO
MTR1292,,999999,9999999,2025-05-01,emma124@company.com,InvalidRegion,NO
MTR1293,Ravi,250,-200,2025-05-01,john29@company.com,InvalidRegion,NO
MTR1294,Neha,100,-200,2025-05-01,sara998@gmail.com,InvalidRegion,NO
MTR1295,Priya,999999,500,2025-05-01,john955@gmail.com,InvalidRegion,YES
MTR1296,,-50,-200,2025-05-01,john837@gmail.com,InvalidRegion,NO
MTR1297,,250,500,2025-05-01,john229@gmail.com,,NO
MTR1298,Neha,-50,9999999,2025-05-01,emma401@yahoo.com,South,NO
MTR1299,Priya,250,500,2025-05-01,emma944@yahoo.com,North,NO
MTR50,,250,9999999,2025-05-01,john827@company.com,InvalidRegion,NO
MTR1301,Priya,-50,-200,2025-05-01,sara733@yahoo.com,,NO
MTR1302,Priya,250,500,2025-05-01,john826@company.com,,NO
MTR1303,Ravi,-50,-200,2025-05-01,alice568@company.com,,NO
MTR1304,Ravi,250,9999999,2025-05-01,alice79@yahoo.com,,NO
MTR1305,,250,500,2025-05-01,mike745@yahoo.com,,NO
MTR1306,Priya,100,9999999,2025-05-01,alice796@company.com,,NO
MTR1307,Neha,999999,9999999,2025-05-01,john773@yahoo.com,,NO
MTR1308,Neha,100,-200,2025-05-01,john827@gmail.com,South,NO
MTR1309,Ravi,-50,500,2025-05-01,mike431@yahoo.com,InvalidRegion,NO
MTR1310,,100,500,2025-05-01,david977@gmail.com,South,NO
MTR1311,Neha,999999,9999999,2025-05-01,david878@gmail.com,North,NO
MTR1312,Ravi,999999,-200,2025-05-01,emma581@company.com,,NO
MTR1313,Priya,250,9999999,2025-05-01,sara4@company.com,South,NO
MTR1314,Ravi,-50,1500,2025-05-01,john765@gmail.com,North,NO
MTR1315,Priya,999999,9999999,2025-05-01,mike296@gmail.com,South,NO
MTR1316,Priya,250,500,2025-05-01,john469@company.com,InvalidRegion,NO
MTR1317,,100,1500,2025-05-01,alice654@company.com,,NO
MTR1318,Priya,-50,1500,2025-05-01,emma100@gmail.com,South,NO
MTR1319,,999999,9999999,2025-05-01,sara879@yahoo.com,,NO
MTR1320,Ravi,100,9999999,2025-05-01,test@@gmail.com,South,NO
MTR1321,Priya,999999,1500,2025-05-01,sara464@company.com,InvalidRegion,NO
MTR1322,Neha,250,500,2025-05-01,alice173@company.com,North,NO
MTR1323,Ravi,100,-200,2025-05-01,david931@company.com,InvalidRegion,NO
MTR1324,,250,-200,2025-05-01,john250@gmail.com,,NO
MTR1325,Priya,999999,500,2025-05-01,mike183@gmail.com,,NO
MTR1326,Neha,100,9999999,2025-05-01,emma644@yahoo.com,InvalidRegion,NO
MTR1327,Ravi,999999,-200,2025-05-01,sara412@company.com,North,NO
MTR1328,Ravi,250,500,2025-05-01,alice290@company.com,South,NO
MTR1329,,100,500,2025-05-01,sara541@gmail.com,InvalidRegion,NO
MTR1330,Neha,250,500,2025-05-01,alice312@company.com,,YES
MTR1331,Priya,999999,-200,2025-05-01,sara676@yahoo.com,,NO
MTR1332,Priya,-50,500,2025-05-01,david960@gmail.com,InvalidRegion,NO
MTR1333,,100,9999999,2025-05-01,david987@gmail.com,South,NO
MTR1334,Ravi,-50,9999999,2025-05-01,alice500@gmail.com,InvalidRegion,NO
MTR1335,Priya,100,9999999,2025-05-01,mike904@gmail.com,InvalidRegion,NO
MTR1336,Neha,999999,500,2025-05-01,sara833@yahoo.com,North,NO
MTR1337,,100,9999999,2025-05-01,john438@gmail.com,South,NO
MTR1338,Priya,250,1500,2025-05-01,alice416@yahoo.com,South,NO
MTR1339,Priya,250,-200,2025-05-01,emma150@company.com,North,NO
MTR1340,Ravi,250,1500,2025-05-01,mike408@yahoo.com,South,NO
MTR1341,Neha,100,9999999,2025-05-01,mike321@yahoo.com,InvalidRegion,NO
MTR1342,Priya,250,1500,2025-05-01,sara819@yahoo.com,North,NO
MTR1343,,100,1500,2025-05-01,alice558@yahoo.com,InvalidRegion,NO
MTR1344,,250,1500,2025-05-01,david24@gmail.com,North,NO
MTR1345,Ravi,999999,9999999,2025-05-01,alice701@company.com,InvalidRegion,NO
MTR1346,,-50,1500,2025-05-01,david618@company.com,North,NO
MTR1347,Ravi,100,500,2025-05-01,david263@yahoo.com,South,NO
MTR1348,Neha,250,9999999,2025-05-01,sara234@company.com,South,NO
MTR1349,Ravi,100,9999999,2025-05-01,sara814@company.com,South,NO
MTR1350,Priya,250,500,2025-05-01,john441@company.com,North,NO
MTR1351,,100,1500,2025-05-01,alice548@yahoo.com,North,NO
MTR1352,,999999,9999999,2025-05-01,sara985@company.com,North,NO
MTR1353,Neha,250,1500,2025-05-01,david990@gmail.com,,NO
MTR1354,,250,9999999,2025-05-01,sara177@gmail.com,,NO
MTR1355,Priya,-50,500,2025-05-01,david483@yahoo.com,,NO
MTR1356,Priya,100,9999999,2025-05-01,mike512@gmail.com,North,NO
MTR1357,Ravi,-50,1500,2025-05-01,david386@gmail.com,,NO
MTR1358,Priya,100,9999999,2025-05-01,sara145@yahoo.com,,NO
MTR1359,Neha,999999,1500,2025-05-01,david50@yahoo.com,InvalidRegion,NO
MTR1360,Neha,999999,-200,2025-05-01,david553@gmail.com,South,NO
MTR1361,,-50,-200,2025-05-01,david132@yahoo.com,InvalidRegion,NO
MTR1362,Priya,100,500,2025-05-01,emma486@gmail.com,,NO
MTR1363,Priya,250,9999999,2025-05-01,emma55@yahoo.com,South,NO
MTR1364,Neha,100,1500,2025-05-01,emma472@company.com,South,NO
MTR1365,Priya,-50,500,2025-05-01,alice172@company.com,South,YES
MTR1366,Priya,250,500,2025-05-01,david222@company.com,InvalidRegion,NO
MTR1367,,-50,-200,2025-05-01,sara386@gmail.com,,NO
MTR1368,Ravi,250,-200,2025-05-01,david977@yahoo.com,South,NO
MTR1369,,-50,9999999,2025-05-01,mike479@yahoo.com,,NO
MTR1370,Priya,250,-200,2025-05-01,emma77@company.com,North,NO
MTR1371,Ravi,999999,1500,2025-05-01,sara698@yahoo.com,South,NO
MTR1372,Priya,250,9999999,2025-05-01,david227@gmail.com,North,NO
MTR1373,,250,500,2025-05-01,david244@company.com,South,NO
MTR1374,Neha,999999,-200,2025-05-01,david481@gmail.com,InvalidRegion,NO
MTR1375,,-50,-200,2025-05-01,invalidmail,South,NO
MTR1376,Neha,999999,500,2025-05-01,emma356@yahoo.com,South,NO
MTR1377,Priya,-50,-200,2025-05-01,mike380@company.com,North,NO
MTR1378,Priya,-50,9999999,2025-05-01,john207@yahoo.com,South,NO
MTR1379,Ravi,999999,9999999,2025-05-01,alice177@company.com,,NO
MTR1380,Neha,250,9999999,2025-05-01,alice259@gmail.com,South,NO
MTR1381,Neha,999999,9999999,2025-05-01,sara136@company.com,InvalidRegion,NO
MTR1382,,100,9999999,2025-05-01,mike680@gmail.com,South,NO
MTR1383,Ravi,250,9999999,2025-05-01,sara464@company.com,InvalidRegion,NO
MTR1384,,999999,-200,2025-05-01,alice378@gmail.com,InvalidRegion,NO
MTR1385,,250,500,2025-05-01,john481@company.com,North,NO
MTR1386,Priya,999999,9999999,2025-05-01,mike48@yahoo.com,North,NO
MTR1387,,-50,500,2025-05-01,john804@gmail.com,North,NO
MTR1388,Priya,999999,9999999,2025-05-01,john810@gmail.com,North,NO
MTR1389,,999999,9999999,2025-05-01,mike95@gmail.com,South,NO
MTR1390,Neha,-50,9999999,2025-05-01,alice26@gmail.com,InvalidRegion,NO
MTR1391,Ravi,250,-200,2025-05-01,sara314@yahoo.com,South,NO
MTR1392,Ravi,250,1500,2025-05-01,alice759@yahoo.com,North,NO
MTR1393,Ravi,250,-200,2025-05-01,sara403@company.com,North,NO
MTR1394,Neha,100,500,2025-05-01,sara667@company.com,InvalidRegion,NO
MTR1395,Neha,-50,1500,2025-05-01,sara49@yahoo.com,South,NO
MTR1396,Ravi,-50,500,2025-05-01,david356@gmail.com,,NO
MTR1397,Neha,250,9999999,2025-05-01,sara56@company.com,South,NO
MTR1398,Ravi,999999,500,2025-05-01,alice432@yahoo.com,South,NO
MTR1399,Ravi,-50,-200,2025-05-01,sara450@yahoo.com,North,NO
MTR1400,Ravi,100,-200,2025-05-01,david350@yahoo.com,InvalidRegion,YES
MTR1401,Neha,-50,-200,2025-05-01,david731@gmail.com,South,NO
MTR1402,Priya,999999,9999999,2025-05-01,emma15@company.com,South,NO
MTR1403,Ravi,-50,-200,2025-05-01,david509@company.com,InvalidRegion,NO
MTR1404,Priya,999999,9999999,2025-05-01,david729@company.com,InvalidRegion,NO
MTR1405,Ravi,250,1500,2025-05-01,john824@gmail.com,InvalidRegion,NO
MTR1406,Neha,100,9999999,2025-05-01,john605@gmail.com,South,NO
MTR1407,Priya,100,1500,2025-05-01,emma569@yahoo.com,InvalidRegion,NO
MTR1408,Neha,-50,9999999,2025-05-01,david74@company.com,,NO
MTR1409,Priya,-50,-200,2025-05-01,david47@company.com,,NO
MTR1410,Neha,-50,1500,2025-05-01,john770@yahoo.com,South,NO
MTR1411,,-50,500,2025-05-01,emma973@gmail.com,North,NO
MTR1412,Priya,999999,9999999,2025-05-01,sara776@gmail.com,,NO
MTR1413,,250,-200,2025-05-01,john978@gmail.com,South,NO
MTR1414,,250,-200,2025-05-01,emma463@company.com,South,NO
MTR1415,,100,1500,2025-05-01,david497@company.com,,NO
MTR1416,Neha,250,-200,2025-05-01,sara917@gmail.com,,NO
MTR1417,Priya,100,-200,2025-05-01,emma346@gmail.com,InvalidRegion,NO
MTR1418,Priya,-50,500,2025-05-01,john46@yahoo.com,North,NO
MTR1419,Neha,999999,9999999,2025-05-01,alice671@yahoo.com,InvalidRegion,NO
MTR1420,Neha,100,1500,2025-05-01,alice360@yahoo.com,,NO
MTR1421,Neha,100,1500,2025-05-01,mike39@company.com,,NO
MTR1422,Neha,100,500,2025-05-01,emma73@yahoo.com,South,NO
MTR1423,,999999,1500,2025-05-01,david198@yahoo.com,InvalidRegion,NO
MTR1424,Ravi,-50,1500,2025-05-01,mike814@gmail.com,,NO
MTR1425,Ravi,999999,500,2025-05-01,john16@company.com,,NO
MTR1426,Ravi,-50,500,2025-05-01,emma502@gmail.com,,NO
MTR1427,Neha,999999,-200,2025-05-01,david778@yahoo.com,South,NO
MTR1428,,250,500,2025-05-01,john206@yahoo.com,South,NO
MTR1429,Ravi,-50,500,2025-05-01,emma919@gmail.com,InvalidRegion,NO
MTR50,Ravi,-50,-200,2025-05-01,test@@gmail.com,North,NO
MTR1431,,-50,9999999,2025-05-01,john866@company.com,South,NO
MTR1432,Ravi,250,1500,2025-05-01,emma60@company.com,,NO
MTR1433,,-50,-200,2025-05-01,john111@yahoo.com,South,NO
MTR1434,Priya,999999,1500,2025-05-01,sara136@yahoo.com,North,NO
MTR1435,Priya,100,9999999,2025-05-01,alice21@company.com,South,YES
MTR1436,Priya,999999,500,2025-05-01,alice886@company.com,InvalidRegion,NO
MTR1437,Ravi,-50,1500,2025-05-01,david611@gmail.com,North,NO
MTR1438,Ravi,-50,1500,2025-05-01,emma146@yahoo.com,South,NO
MTR1439,Priya,-50,-200,2025-05-01,mike557@company.com,,NO
MTR1440,,100,9999999,2025-05-01,david367@company.com,South,NO
MTR1441,Neha,250,-200,2025-05-01,alice591@gmail.com,South,NO
MTR1442,Priya,100,500,2025-05-01,emma593@company.com,InvalidRegion,NO
MTR1443,Ravi,-50,500,2025-05-01,emma891@company.com,,NO
MTR1444,Neha,100,-200,2025-05-01,sara328@gmail.com,,NO
MTR1445,Neha,999999,500,2025-05-01,mike465@gmail.com,InvalidRegion,NO
MTR1446,,250,9999999,2025-05-01,emma996@company.com,North,NO
MTR1447,Neha,250,500,2025-05-01,john754@yahoo.com,,NO
MTR1448,,-50,1500,2025-05-01,david238@gmail.com,,NO
MTR1449,,999999,-200,2025-05-01,sara166@gmail.com,North,NO
MTR1450,,100,-200,2025-05-01,david323@yahoo.com,InvalidRegion,NO
MTR1451,,-50,500,2025-05-01,david587@company.com,South,NO
MTR1452,Ravi,999999,500,2025-05-01,david517@yahoo.com,InvalidRegion,NO
MTR1453,Ravi,999999,500,2025-05-01,emma772@gmail.com,,NO
MTR1454,,250,500,2025-05-01,john119@yahoo.com,,NO
MTR1455,Ravi,100,500,2025-05-01,alice995@gmail.com,North,NO
MTR1456,Ravi,100,-200,2025-05-01,alice701@yahoo.com,North,NO
MTR1457,Ravi,250,-200,2025-05-01,sara286@company.com,South,NO
MTR1458,Priya,999999,9999999,2025-05-01,john280@company.com,InvalidRegion,NO
MTR1459,Neha,250,500,2025-05-01,david79@company.com,North,NO
MTR1460,Neha,999999,500,2025-05-01,emma550@gmail.com,InvalidRegion,NO
MTR1461,Ravi,250,-200,2025-05-01,sara7@gmail.com,South,NO
MTR1462,Ravi,250,500,2025-05-01,david538@gmail.com,,NO
MTR1463,Neha,100,1500,2025-05-01,alice877@company.com,South,NO
MTR1464,,250,500,2025-05-01,emma770@company.com,North,NO
MTR1465,Priya,-50,-200,2025-05-01,john582@company.com,,NO
MTR1466,Ravi,-50,500,2025-05-01,alice636@company.com,South,NO
MTR1467,Ravi,999999,-200,2025-05-01,mike142@gmail.com,,NO
MTR1468,Neha,100,9999999,2025-05-01,emma752@company.com,North,NO
MTR1469,Priya,100,-200,2025-05-01,emma766@company.com,South,NO
MTR1470,Priya,250,1500,2025-05-01,emma796@yahoo.com,North,YES
MTR1471,Neha,250,-200,2025-05-01,emma363@yahoo.com,InvalidRegion,NO
MTR1472,,-50,9999999,2025-05-01,emma755@gmail.com,North,NO
MTR1473,,100,500,2025-05-01,alice550@gmail.com,,NO
MTR1474,,999999,1500,2025-05-01,emma39@gmail.com,North,NO
MTR1475,,-50,1500,2025-05-01,mike233@gmail.com,North,NO
MTR1476,Ravi,250,9999999,2025-05-01,david49@company.com,South,NO
MTR1477,,250,1500,2025-05-01,sara525@company.com,South,NO
MTR1478,Neha,250,9999999,2025-05-01,john733@gmail.com,,NO
MTR1479,Priya,100,9999999,2025-05-01,alice173@gmail.com,North,NO
MTR1480,Neha,250,1500,2025-05-01,sara158@gmail.com,South,NO
MTR1481,,100,9999999,2025-05-01,alice814@company.com,South,NO
MTR1482,Neha,999999,500,2025-05-01,mike759@yahoo.com,South,NO
MTR1483,,-50,500,2025-05-01,sara699@gmail.com,,NO
MTR1484,Ravi,-50,-200,2025-05-01,emma394@gmail.com,InvalidRegion,NO
MTR1485,Ravi,100,-200,2025-05-01,test@@gmail.com,North,NO
MTR1486,,100,500,2025-05-01,mike161@gmail.com,InvalidRegion,NO
MTR1487,Ravi,100,1500,2025-05-01,emma552@gmail.com,,NO
MTR1488,Neha,999999,500,2025-05-01,sara357@company.com,InvalidRegion,NO
MTR1489,,-50,9999999,2025-05-01,mike307@yahoo.com,South,NO
MTR1490,Priya,-50,500,2025-05-01,sara388@gmail.com,InvalidRegion,NO
MTR1491,,250,1500,2025-05-01,emma263@company.com,South,NO
MTR1492,Ravi,999999,-200,2025-05-01,sara43@gmail.com,South,NO
MTR1493,Priya,-50,1500,2025-05-01,sara433@company.com,North,NO
MTR1494,Priya,250,1500,2025-05-01,mike585@yahoo.com,North,NO
MTR1495,Ravi,999999,1500,2025-05-01,sara771@company.com,North,NO
MTR1496,Ravi,250,-200,2025-05-01,david492@company.com,,NO
MTR1497,Ravi,100,1500,2025-05-01,alice906@yahoo.com,South,NO
MTR1498,,250,9999999,2025-05-01,john238@company.com,,NO
MTR1499,Neha,-50,500,2025-05-01,mike599@company.com,,NO
MTR1500,,250,1500,2025-05-01,alice584@company.com,,NO
